DB.origen,id_intern,Latitude,Longitude,Forest_type,Leaf_N,Wood_N,Root_N,Litter_N,Leaf_NPP,Wood_NPP,Root_NPP,Litter_NPP,Nstock_leaves,Nstock_wood,Nstock_roots,Nstock_litter,MAT,MAP,Altitude,Gross_Nuptake,Reabsorved,Net_Nuptake,Stand_age,Stand_density,Soil_CEC,Soil_ph,Soil_N,Soil_CN,Myco.type,AM_percent,MAT_wc,MAP_wc,Alt_wc,Soil_CN_sg,Soil_ph_sg,woodiness,MAT_MAP_wc,AM_map,N_stocks_sg,Bact,Fung,Nlimit,mic_C,mic_N,N,BD,soil_N_combi,soil_BD_sg,N_stocks_combi,Predicted_Net_Nuptake,Net_Nuptake_Combi,MAT_combi,MAP_combi,Alt_combi,Soil_CN_combi,Soil_ph_combi,MAT_MAP_combi,Biomes$BIOME,regions,abg_to_roots,totalNPP,Leaf_NUE,Wood_NUE,Root_NUE,NUE,AM_combi,noy,nhx,ndep
Tian,plot2,23.2,112.5,Broadleaved,2.045825243,1.211165049,1.087356322,NA,560,5720,1420,NA,11.45662136,69.2786408,15.44045977,NA,21,1996,200,96.17572194,NA,NA,NA,NA,NA,NA,NA,NA,NA,NA,20.45416641,1819,341,1.053940177,51.0500679,Woody,37213.71094,0,0.49337557,2.792850018,1.043385983,-0.259564281,104.0579987,15.61680031,294.7841797,111.5812149,294.7841797,111.5812149,0.493385654,74.85336598,74.85336598,21,1996,200,1.053940177,5.10500679,41916,1,Trop,5.228812054,7700,273.72817,4722.725449,1305.919662,80.0617853,0,11.85988235,10.81434155,22.6742239
Tian,plot4,30.7,103.5,Broadleaved,2.409875,1.116392405,1.201351351,NA,3200,2880,780,NA,77.116,32.15210126,9.370540538,NA,15.2,1244,750,118.6386418,NA,NA,NA,NA,NA,NA,NA,NA,NA,NA,16.00416756,1165,657,0.916364908,66.80246735,Woody,18630.29102,0,0.655815065,2.721302271,1.43438375,-0.163161114,80.01249695,12.18109989,350.3276978,124.8027496,350.3276978,124.8027496,0.655827899,90.92950268,90.92950268,15.2,1244,750,0.916364908,6.680246735,18908.8,5,Temp,11.6608109,6860,1327.869703,2579.738081,649.2688416,57.82264443,0,15.60522938,9.755261421,25.3604908
Tian,plot5,34.1,107.7,Broadleaved,2.313239437,0.820503597,1.236384615,NA,2840,5920,1660,NA,65.69600001,48.57381295,20.52398461,NA,11.8,734,1129,134.7937976,NA,NA,NA,NA,NA,NA,NA,NA,NA,NA,9.670833588,714,1256,1.171575904,62.48677826,Woody,6913.899902,0,0.6339131,2.658099651,1.204482317,0.019848,71.89379883,7.754330158,360.0675964,117.4381027,360.0675964,117.4381027,0.634284831,102.4913341,102.4913341,11.8,734,1129,1.171575904,6.248677826,8661.2,4,Temp,5.567623204,10420,1227.715538,7215.081106,1342.624277,77.30326015,0,14.35258675,7.123188019,21.47577477
Tian,plot6,36.2,118.6,Broadleaved,2.492716049,0.852345679,1.41,NA,2740,4700,960,NA,68.30041974,40.06024691,13.536,NA,10.8,845.9,309,121.8966667,NA,NA,NA,NA,NA,NA,NA,NA,NA,NA,9.824999809,804,770,1.270907044,68.10453033,Woody,7905.999512,0.59061116,0.465848923,2.305146456,0.99741143,NA,98.32080078,13.31540012,246.1667175,126.2975082,246.1667175,126.2975082,0.466353646,93.2611877,93.2611877,10.8,845.9,309,1.270907044,6.810453033,9135.72,4,Temp,8.005368399,8400,1099.202615,5514.19467,680.8510638,68.91082612,59.06111598,22.58813858,10.59173107,33.17986965
Tian,plot7,36.2,120.6,Broadleaved,2.680380952,0.875454546,1.517837838,NA,2740,4700,960,NA,73.44243808,41.14636364,14.57124324,NA,11.9,743.3,294,129.160045,NA,NA,NA,NA,NA,NA,NA,NA,NA,NA,9.720832825,777,645,1.350215912,63.36568451,Woody,7556.325195,NA,0.44596833,NA,NA,-0.00780495,NA,NA,239.1667328,124.3415222,239.1667328,124.3415222,0.446075334,98.4594016,98.4594016,11.9,743.3,294,1.350215912,6.336568451,8845.27,4,Temp,7.864037394,8400,1022.242752,5368.639664,632.4786324,65.0355921,NA,15.08383942,7.827884674,22.91172409
Tian,plot8,36.2,120.6,Broadleaved,2.25,0.856666667,1.343333333,NA,2740,4700,960,NA,61.65,40.26333333,12.896,NA,11.9,743.3,300,114.8093333,NA,NA,NA,NA,NA,NA,NA,NA,NA,NA,9.720832825,777,645,1.350215912,63.36568451,Woody,7556.325195,NA,0.44596833,NA,NA,-0.00780495,NA,NA,239.1667328,124.3415222,239.1667328,124.3415222,0.446075334,88.18896462,88.18896462,11.9,743.3,300,1.350215912,6.336568451,8845.27,4,Temp,7.90270885,8400,1217.777778,5486.381321,714.6401987,73.16478335,NA,15.08383942,7.827884674,22.91172409
Tian,plot16,31.6,115.8,Broadleaved,1.223,0.36,0.524,NA,3300,3720,1300,NA,40.359,13.392,6.812,NA,14.2,1177.5,400,60.563,NA,NA,NA,NA,NA,NA,NA,NA,NA,NA,15.55000019,1230,152,1.035564184,59.68981171,Woody,19116.25,0,0.361747086,2.632496119,1.227581859,-0.237643778,50.41680145,10.83100033,193.7129059,124.4904175,193.7129059,124.4904175,0.361731008,49.36625257,49.36625257,14.2,1177.5,400,1.035564184,5.968981171,16720.5,4,Temp,7.890634175,8320,2698.282911,10333.33333,2480.916031,137.3776068,0,21.18274879,13.61245823,34.79520702
Tian,plot20,27.1,117.3,Broadleaved,1.809,0.36,0.387,NA,10180,4600,1360,NA,184.1562,16.56,5.2632,NA,12.7,2204.4,1330,205.9794,NA,NA,NA,NA,NA,NA,NA,NA,NA,NA,17.74583244,1759,373,1.591222405,50.09717941,Woody,31251.56641,0,0.3824929,3.21116519,1.509371042,-0.280800015,31.45709991,5.999810219,200.402359,127.4529724,200.402359,127.4529724,0.383128145,153.4370474,153.4370474,12.7,2204.4,1330,1.591222405,5.009717941,27995.88,1,Trop,38.13577291,16140,5627.418463,12777.77778,3514.211886,78.3573503,0,13.20925617,8.85601902,22.06527519
Tian,plot21,27,118.1,Broadleaved,1.476,0.36,0.462,NA,6620,18720,4640,NA,97.7112,67.392,21.4368,NA,14.8,1952,870,186.54,NA,NA,NA,NA,NA,NA,NA,NA,NA,NA,18.36666679,1722,330,1.549173355,51.29006958,Woody,31670.44922,0,0.360537261,2.451644182,1.322731256,-0.297319114,47.30550003,9.237819672,192.0292969,125.1830368,192.0292969,125.1830368,0.360582158,139.5247665,139.5247665,14.8,1952,870,1.549173355,5.129006958,28889.6,1,Trop,7.701858486,29980,4485.094851,52000,10043.29004,160.7162003,0,13.20925617,8.85601902,22.06527519
Tian,plot22,34.55,105.88,Broadleaved,1.59,0.36,0.483,NA,3620,6480,1300,NA,57.558,23.328,6.279,NA,8.9,564.1,1625,87.165,NA,NA,NA,NA,NA,NA,NA,NA,NA,NA,11.77499962,616,1114,NA,NA,Woody,7253.399902,0.174361989,NA,2.356257915,0.96061784,-0.021840001,63.7867012,9.054530144,NA,NA,NA,NA,NA,68.40462296,68.40462296,8.9,564.1,1625,NA,NA,5020.49,4,Temp,12.88198758,11400,2276.72956,18000,2691.511387,130.7864395,17.43619889,13.50367737,7.78472662,21.28840399
Tian,plot23,34.6,103.5,Broadleaved,1.058,0.36,0.447,NA,4800,4380,1740,NA,50.784,15.768,7.7778,NA,1,741.1,3280,74.3298,NA,NA,NA,NA,NA,NA,NA,NA,NA,NA,4.570833206,583,2618,1.208527803,73.88400269,Woody,2657.508301,1,0.742457509,2.973875046,1.201274514,NA,87.58779907,11.03240013,413.0613708,119.8656387,413.0613708,119.8656387,0.742677976,59.2187989,59.2187989,1,741.1,3280,1.208527803,7.388400269,741.1,5,Temp,8.556661267,10920,4536.862004,12166.66667,3892.61745,146.9128129,100,10.81882,5.40461874,16.22343874
Tian,plot26,22.68,108.31,Broadleaved,1.414,0.36,0.448,NA,3060,18960,1520,NA,43.2684,68.256,6.8096,NA,21.6,1372.8,346,118.334,NA,NA,NA,NA,NA,NA,NA,NA,NA,NA,21.39583397,1457,157,0.938244164,54.07000351,Woody,31179.79883,0,0.382694304,2.030503273,1.014674902,NA,79.64779663,12.04220009,217.2680969,117.3861008,217.2680969,117.3861008,0.382563821,90.71147834,90.71147834,21.6,1372.8,346,0.938244164,5.407000351,29652.48,1,Trop,16.37752585,23540,2164.07355,52666.66667,3392.857143,198.9284567,0,14.48058414,13.59708118,28.07766533
Tian,plot28,25.9,110.1,Broadleaved,1.328,0.36,0.216,NA,8280,14240,3360,NA,109.9584,51.264,7.2576,NA,18.5,1507.8,500,168.48,NA,NA,NA,NA,NA,NA,NA,NA,NA,NA,16.57916641,1574,545,1.012037873,55.94576263,Woody,26102.16797,0,0.717798829,3.189362288,1.604678154,-0.253374308,66.85310364,11.37679958,414.2495422,115.5195618,414.2495422,115.5195618,0.717808884,126.5996868,126.5996868,18.5,1507.8,500,1.012037873,5.594576263,27894.3,1,Trop,22.21428571,25880,6234.939759,39555.55556,15555.55556,153.6087369,0,14.4408226,11.62491226,26.06573486
Tian,plot34,31.7,110.6,Broadleaved,1.729,0.36,0.352,NA,8180,5760,1280,NA,141.4322,20.736,4.5056,NA,8.1,1400.7,1827,166.6738,NA,NA,NA,NA,NA,NA,NA,NA,NA,NA,11.11666679,1168,1406,1.189658642,58.53787231,Woody,12994,0,0.673673987,2.9199121,1.063925624,-0.105243593,58.64030075,12.17560005,380.6625061,117.9697037,380.6625061,117.9697037,0.673599646,125.3070357,125.3070357,8.1,1400.7,1827,1.189658642,5.853787231,11345.67,4,Temp,35.992587,15220,4731.058415,16000,3636.363636,91.31609167,0,18.97960472,12.20435333,31.18395805
Tian,plot41,27.58,114.58,Broadleaved,0.97,0.36,0.45,NA,160,5420,1120,NA,1.552,19.512,5.04,NA,16.75,1590.9,220,26.104,NA,NA,NA,NA,NA,NA,NA,NA,NA,NA,16.89166641,1539,227,1.447821856,54.00417328,Woody,25983.44922,0,0.458189368,2.461791992,1.440241098,-0.303551316,73.66190338,25.64579964,255.1433105,119.7767563,255.1433105,119.7767563,0.458403572,24.70482841,24.70482841,16.75,1590.9,220,1.447821856,5.400417328,26647.575,1,Trop,4.179365079,6700,164.9484536,15055.55556,2488.888889,256.6656451,0,13.6055994,9.856535912,23.46213531
Tian,plot45,31.09,103.14,Broadleaved,0.8,0.36,0.39,NA,3980,4140,840,NA,31.84,14.904,3.276,NA,10.9,1100,2750,50.02,NA,NA,NA,NA,NA,NA,NA,NA,NA,NA,2.837500095,802,3549,1.328186989,58.88253784,Woody,2272.333496,0.016872393,0.976749778,3.077229023,1.317345738,0.289278358,124.0240021,18.01519966,613.7421265,106.1029129,613.7421265,106.1029129,0.976797411,41.82089737,41.82089737,10.9,1100,2750,1.328186989,5.888253784,11990,5,Temp,14.26862027,8960,4975,11500,2153.846154,179.1283487,1.687239297,15.60522938,9.755261421,25.3604908
Tian,plot50,41.36,85.94,Broadleaved,1.394,0.36,0.319,NA,2000,3620,480,NA,27.88,13.032,1.5312,NA,9.6,51.1,925,42.4432,NA,NA,NA,NA,NA,NA,NA,NA,NA,NA,11.46249962,54,891,0.494969994,81.22800446,Woody,619.6500244,0.67499727,0.382099092,2.24342823,0.957533896,NA,133.7969971,31.69759941,180.5729828,141.067749,180.5729828,141.067749,0.382095363,36.39837557,36.39837557,9.6,51.1,925,0.494969994,8.122800446,490.56,13,Temp,26.71891327,6100,1434.72023,10055.55556,1504.702194,143.7214913,67.49972701,2.572650909,1.594680309,4.167331219
Tian,plot53,25.15,102.78,Broadleaved,0.578,0.36,0.221,NA,4800,12060,2520,NA,27.744,43.416,5.5692,NA,13.8,1030,1960,76.7292,NA,NA,NA,NA,NA,NA,NA,NA,NA,NA,14.53749943,913,1972,1.492448092,61.31126022,Woody,13268.93359,0.100634672,0.453962266,2.597657919,0.965380013,-0.125119999,51.33060074,8.638480186,245.1376801,123.4272079,245.1376801,123.4272079,0.453849891,60.93598806,60.93598806,13.8,1030,1960,1.492448092,6.131126022,14214,1,Trop,12.77741866,19380,8304.49827,33500,11402.71493,252.576594,10.06346717,10.88498497,15.17283154,26.05781651
Tian,plot54,24.55,101.03,Broadleaved,1.666,0.36,0.471,NA,2460,6480,2840,NA,40.9836,23.328,13.3764,NA,10.7,1841,2500,77.688,NA,NA,NA,NA,NA,NA,NA,NA,NA,NA,12.9375,976,2513,1.603445888,56,Woody,12631.06641,0,0.661134183,3.247557163,1.322887301,-0.0570818,59.08150101,8.096529961,416.688385,105.793869,416.688385,105.793869,0.661246146,61.62217667,61.62217667,10.7,1841,2500,1.603445888,5.6,19698.7,1,Trop,4.807840675,11780,1476.590636,18000,6029.723992,151.6321697,0,9.930497169,14.78828716,24.71878433
Ces,Duke,35.91,-79.1,Coniferous,1.168004395,0.121132281,0.854833333,0.557260634,5514.56849,7724.333494,993.8903612,5484.369559,64.15442221,9.353190876,8.525883305,30.58589815,NA,NA,NA,82.03349639,33.56852406,48.46497233,NA,NA,NA,NA,NA,NA,ECM,0,15.07499981,1169,140,1.363586426,51.78093719,Woody,17632.41602,0,0.415247798,3.037153482,0.994226575,-0.244890004,60.82759857,11.52009964,190.9245453,144.996109,190.9245453,144.996109,0.415249743,64.73213719,48.46497233,15.07499981,1169,140,1.363586426,5.178093719,17622.67478,4,Temp,8.621700586,14232.79235,4721.359366,63767.75398,1162.671509,173.499765,0,29.07244873,35.59209061,64.66453934
Ces,ORNL,35.98,-84.38,Broadleaved,1.610268457,0.186,0.899209112,0.823234127,4962.772599,12869.16685,3638.313796,4615.378517,79.90611948,23.93665035,32.96331129,37.95736191,NA,NA,NA,136.8060811,41.94875757,94.85732355,NA,NA,NA,NA,NA,NA,AM,100,13.97083378,1244,241,1.474104404,55.50922775,Woody,17374.5332,0,0.45967409,3.150153875,1.070574522,-0.256089717,94.47889709,15.17370033,230.8606567,132.8868103,230.8606567,132.8868103,0.460175044,103.9314739,94.85732355,13.97083378,1244,241,1.474104404,5.550922775,17379.71722,4,Temp,3.150252986,21470.25325,3081.953557,69189.06909,4046.126477,156.9393193,100,33.33271027,44.21450043,77.54721069
Ces,POP-EURO,42.42,12.09,Broadleaved,2.669930045,0.718530682,1.021354025,1.421105434,5869.826416,23530.52452,1731.192972,5869.826416,156.90465,170.774487,17.56077781,86.37430751,NA,NA,NA,345.2399148,70.5303425,274.7095723,NA,NA,NA,NA,NA,NA,ECM/AM,50,14.02083302,296,300,1.241141081,70.07763672,Woody,4146.466797,0,0.431383967,2.554533243,1.036701798,NA,92.85749817,16.72800064,211.6414795,136.0306702,211.6414795,136.0306702,0.431845984,253.1022328,274.7095723,14.02083302,296,300,1.241141081,7.007763672,4150.166573,12,Temp,18.65971659,31131.54391,2198.494461,32748.11377,1694.997944,90.17365192,50,12.39793777,16.08831596,28.48625374
Ces,RHI,45.61,-89.4,Broadleaved,2.112335425,0.305961162,1.356474726,1.099167469,3042.458745,4049.652485,533.2777218,1989.467491,64.727123,11.89899797,7.063284363,21.94658922,NA,NA,NA,83.68940533,42.78053378,40.90887155,NA,NA,NA,NA,NA,NA,ECM/AM,50,4.616666794,788,496,0.984435916,50.00741577,Woody,3618.233398,0.153121948,0.911954284,3.034268856,1.159148932,NA,160.9329987,22.52569962,510.0678101,119.3140488,510.0678101,119.3140488,0.912873833,65.91722883,40.90887155,4.616666794,788,496,0.984435916,5.000741577,3637.933434,4,Temp,10.84851141,7625.388952,1440.329367,13235.83836,393.1350224,91.11534395,50,17.92140961,26.69248199,44.6138916
Bauters,63yrs1,0.293514,25.29575,Broadleaved,2.793706708,0.436000986,2.226,1.895333333,7264.472893,1243.162806,1791.040575,7264.472893,202.9480665,5.420202091,39.8685632,137.6859762,24.95,1666,427.51236,248.2368318,65.26209027,182.9747415,60,NA,NA,NA,0.225,NA,AM,NA,24.70833397,1744,449,1.205501556,46.63224792,Woody,43076.80078,1,0.350823551,1.964505315,0.8228212,-0.308419168,100.4420013,15.40320015,190.9752045,122.45755,0.225,117,0.000394875,183.6796096,182.9747415,24.95,1666,427.51236,1.205501556,4.663224792,41566.7,1,Trop,5.226380182,10298.67627,2600.299048,2851.284391,804.600438,41.48730146,100,33.40256119,20.37631416,53.77887535
Bauters,63yrs2,0.294866,25.290437,Broadleaved,2.945288329,0.348115709,2.4175,1.884666667,6852.057234,1447.729393,2493.877864,6852.057234,201.812842,5.03977344,60.28949737,129.1384387,24.95,1666,449.377258,267.1421128,72.67440334,194.4677095,60,NA,NA,NA,0.108,NA,AM,100,24.71249962,1745,450,1.319886804,46.85879135,Woody,43101.5,1,0.347328424,1.960154533,0.822295666,-0.297560781,100.4420013,15.40320015,190.2927856,121.7080002,0.108,100,0.000162,197.2096352,194.4677095,24.95,1666,449.377258,1.319886804,4.685879135,41566.7,1,Trop,3.430989218,10793.66449,2326.447013,4158.759158,1031.593739,40.40420425,100,33.40256119,20.37631416,53.77887535
Bauters,63yrs3,0.290531,25.290887,Broadleaved,3.071608543,0.364676785,2.424,2.123333333,9815.904518,1194.130054,2335.366427,9815.904518,301.5061617,4.354715089,56.60928218,208.4243726,24.95,1666,439.257202,362.470159,93.08178912,269.3883699,60,NA,NA,NA,0.099,NA,AM,100,24.71249962,1742,447,1.36523509,46.37915802,Woody,43056.43359,1,0.342794031,1.961590171,0.822340906,-0.297980666,100.4420013,15.40320015,185.2302856,123.366066,0.099,111,0.000164835,265.4334775,269.3883699,24.95,1666,439.257202,1.36523509,4.637915802,41566.7,1,Trop,5.403016343,13345.401,3195.688637,3274.488816,963.4349946,36.81793016,100,33.40256119,20.37631416,53.77887535
Bauters,OG1,0.294239,25.301949,Broadleaved,2.999313791,0.384731939,2.205333333,1.895333333,11081.23223,1530.944723,2422.141514,11081.23223,332.3609265,5.890033317,53.41629419,210.0262882,24.95,1666,456.988831,391.667254,122.3346382,269.3326157,150,NA,NA,NA,0.225,NA,AM,100,24.61666679,1751,469,1.15152812,47.50896072,Woody,43132.96484,1,0.337526411,1.968856215,0.823346674,-0.317859888,100.4420013,15.40320015,186.0185242,120.9685898,0.225,117,0.000394875,286.3290909,269.3326157,24.95,1666,456.988831,1.15152812,4.750896072,41566.7,1,Trop,6.332355416,15034.31847,3694.589163,3979.250402,1098.310844,38.3854364,100,33.40256119,20.37631416,53.77887535
Bauters,OG2,0.293321,25.302034,Broadleaved,3.041736802,0.361496795,2.440666667,1.884666667,11149.25176,655.726898,2213.660228,11149.25176,339.1308939,2.370431719,54.02806729,210.1262315,24.95,1666,458.942902,395.5293929,129.0046624,266.5247305,150,NA,NA,NA,0.108,NA,AM,100,24.61666679,1751,469,1.15152812,47.50896072,Woody,43132.96484,1,0.337526411,1.968856215,0.823346674,-0.317859888,100.4420013,15.40320015,186.0185242,120.9685898,0.108,100,0.000162,289.0931249,266.5247305,24.95,1666,458.942902,1.15152812,4.750896072,41566.7,1,Trop,6.320813287,14018.63889,3665.42291,1813.921747,906.9899868,35.44272344,100,33.40256119,20.37631416,53.77887535
Bauters,OG3,0.293242,25.30633,Broadleaved,2.939216462,0.374675295,2.865333333,2.123333333,11205.08066,1731.406753,2027.493216,11205.08066,329.3415754,6.487153353,58.09443895,237.9212128,24.95,1666,489.775146,393.9231677,91.42036264,302.5028051,150,NA,NA,NA,0.099,NA,AM,100,24.61666679,1751,469,1.15152812,47.50896072,Woody,43132.96484,1,0.337526411,1.968856215,0.823346674,-0.317859888,100.4420013,15.40320015,186.0185242,120.9685898,0.099,111,0.000164835,287.9435906,302.5028051,24.95,1666,489.775146,1.15152812,4.750896072,41566.7,1,Trop,5.780737964,14963.98063,3812.267931,4621.085981,707.594189,37.98705396,100,33.40256119,20.37631416,53.77887535
Scrapping,"https://doi.org/10.1007/s00442-009-1561-0 , https://doi.org/10.1016/j.foreco.2003.11.011",35.3,135.72,Broadleaved,2.24,0.78,1.702,1.485,3940,3015,4252,3940,88.256,23.517,72.36904,58.509,10.5,2495,700,184.14204,29.747,154.39504,NA,1571,NA,4.289,NA,16.425,ECM,0,11.17916679,1893,634,1.722147346,48,Woody,21154.27539,0,0.734837472,3.289462566,1.469583869,-0.256550997,147.4530029,24.9897995,541.6364746,90.49170685,541.6364746,90.49170685,0.735204136,137.8086079,154.39504,10.5,2495,700,16.425,4.289,26197.5,4,Temp,1.544486427,11207,1758.928571,3865.384615,2498.237368,60.86062694,0,11.38152218,9.394286156,20.77580833
Scrapping,https://doi.org/10.1007/978-3-642-57219-7,64.216667,19.5,Mixed forest,NA,NA,NA,NA,NA,NA,NA,NA,NA,NA,NA,NA,1,588,175,NA,NA,31,180,910,75,4.45,0.07,32,ECM,0,1.962500095,577,186,2.881516933,48.34805298,Woody,1139.575073,0,0.846957505,3.909557343,2.202102661,0.225918427,534.9390259,86.93019867,656.4611206,86.01865387,0.07,86.01865387,9.03196E-05,NA,31,1,588,175,32,4.45,588,6,Bor,NA,NA,NA,NA,NA,NA,0,5.123712063,7.312628269,12.43634033
Scrapping,https://doi.org/10.1007/978-3-642-57219-7,56.5308,13.1808,Coniferous,NA,NA,NA,NA,NA,NA,NA,NA,NA,NA,NA,NA,7.6,1237,100,NA,NA,98,31,2285,88,4.01,0.17,25,ECM,0,7.145833492,966,54,1.498433113,51.63054657,Woody,6914.950195,0,0.85472244,3.506699085,1.662106395,0.077206999,260.3359985,49.87020111,501.6575317,113.8205414,0.17,113.8205414,0.000290242,NA,98,7.6,1237,100,25,4.01,9401.2,4,Temp,NA,NA,NA,NA,NA,NA,0,17.40497589,30.25771141,47.6626873
Scrapping,https://doi.org/10.1007/978-3-642-57219-8,56.483333,8.4,Coniferous,NA,NA,NA,NA,NA,NA,NA,NA,NA,NA,NA,NA,7.5,903,27,NA,NA,72,76,735,63,3.39,0.07,39,ECM,0,8.358333588,860,35,2.553128958,52.15565872,Woody,7188.166992,0,0.607026815,2.998200893,1.470778823,0.111746818,0,0,437.3848877,92.52429962,0.07,92.52429962,9.71505E-05,NA,72,7.5,903,27,39,3.39,6772.5,4,Temp,NA,NA,NA,NA,NA,NA,0,16.018116,17.5323143,33.5504303
Scrapping,https://doi.org/10.1007/978-3-642-57219-9,55.966667,12.25,Broadleaved,NA,NA,NA,NA,NA,NA,NA,NA,NA,NA,NA,NA,7.5,632,45,NA,NA,99,118,400,61,4.07,0.12,21,ECM,0,7.820833206,588,16,1.041077137,63.88323975,Woody,4596.200195,0,0.791248977,2.79513526,1.234892964,0.084253497,NA,NA,426.9731445,123.0103912,0.12,123.0103912,0.000221419,NA,99,7.5,632,45,21,4.07,4740,4,Temp,NA,NA,NA,NA,NA,NA,0,17.40497589,30.25771141,47.6626873
Scrapping,https://doi.org/10.1007/978-3-642-57219-7,50.583333,13.25,Coniferous,NA,NA,NA,NA,NA,NA,NA,NA,NA,NA,NA,NA,5.9,935,775,NA,NA,74,58,616,196,3.47,0.39,29,ECM,0,5.625,933,784,1.234157681,52.40832138,Woody,5263.675293,0.024385419,0.954155684,3.000370979,1.211438656,0.09465804,115.9420013,20.24799919,533.956665,118.9176636,0.39,118.9176636,0.000695668,NA,74,5.9,935,775,29,3.47,5516.5,4,Temp,NA,NA,NA,NA,NA,NA,0,24.76542282,38.382267,63.14768982
Scrapping,https://doi.org/10.1007/978-3-642-57219-7,50.55,13.466667,Broadleaved,NA,NA,NA,NA,NA,NA,NA,NA,NA,NA,NA,NA,5.9,935,750,NA,NA,98,79,568,130,3.39,0.38,20,ECM,0,6.541666508,891,659,1.315508127,53.39125443,Woody,5850.899902,0.523115158,0.70520103,2.916714191,1.149743199,0.034310102,115.9420013,20.24799919,472.2875061,99.4548645,0.38,99.4548645,0.000566893,NA,98,5.9,935,750,20,3.39,5516.5,4,Temp,NA,NA,NA,NA,NA,NA,0,24.76542282,38.382267,63.14768982
Scrapping,https://doi.org/10.1007/978-3-642-57219-7,50.02,11.883333,Coniferous,NA,NA,NA,NA,NA,NA,NA,NA,NA,NA,NA,NA,5.5,890,700,NA,NA,96,142,363,299,3.52,0.24,26,ECM,0,5.466666698,1149,812,1.5417099,46.67814255,Woody,6271.625,0,0.816179633,3.210581541,1.235174656,0.062544703,125.7789993,21.52420044,578.3059692,94.05747223,0.24,94.05747223,0.000338607,NA,96,5.5,890,700,26,3.52,4895,4,Temp,NA,NA,NA,NA,NA,NA,0,24.76542282,38.382267,63.14768982
Scrapping,https://doi.org/10.1007/978-3-642-57219-7,50.066667,11.833333,Broadleaved,NA,NA,NA,NA,NA,NA,NA,NA,NA,NA,NA,NA,5.5,890,850,NA,NA,79,120,372,402,3.99,0.76,20,ECM,0,5.520833492,1155,801,1.550149202,46,Woody,6391,0,0.788300633,3.097275734,1.191060543,0.039582647,125.7789993,21.52420044,569.1521606,92.39102936,0.76,92.39102936,0.001053258,NA,79,5.5,890,850,20,3.99,4895,4,Temp,NA,NA,NA,NA,NA,NA,0,24.76542282,38.382267,63.14768982
Scrapping,https://doi.org/10.1007/978-3-642-57219-7,48.2,7.183333,Coniferous,NA,NA,NA,NA,NA,NA,NA,NA,NA,NA,NA,NA,5.4,1192,1050,NA,NA,42,92,568,116,3.71,0.23,16,ECM,0,7.020833492,1282,816,1.339038014,48.51771927,Woody,8995.366211,0.286866993,0.831841409,3.17263341,1.396077394,-0.024914933,128.348999,20.37190056,617.2846069,89.84307861,0.23,89.84307861,0.000309959,NA,42,5.4,1192,1050,16,3.71,6436.8,4,Temp,NA,NA,NA,NA,NA,NA,0,21.98288536,42.33395767,64.31684303
Scrapping,https://doi.org/10.1007/978-3-642-57219-7,48.2,7.183333,Broadleaved,NA,NA,NA,NA,NA,NA,NA,NA,NA,NA,NA,NA,5.4,1192,1000,NA,NA,61,161,352,170,3.57,0.52,17,ECM,0,7.020833492,1282,816,1.339038014,48.51771927,Woody,8995.366211,0.286866993,0.831841409,3.17263341,1.396077394,-0.024914933,128.348999,20.37190056,617.2846069,89.84307861,0.52,89.84307861,0.000700776,NA,61,5.4,1192,1000,17,3.57,6436.8,4,Temp,NA,NA,NA,NA,NA,NA,0,21.98288536,42.33395767,64.31684303
Scrapping,https://doi.org/10.1007/978-3-642-57219-7,41.866667,13.633333,Broadleaved,NA,NA,NA,NA,NA,NA,NA,NA,NA,NA,NA,NA,6.4,1109,1560,NA,NA,85,104,885,233,5.69,0.73,12,ECM,0,9.787500381,836,961,1.347733021,73.68442535,Woody,8192.799805,0,0.645182967,2.912391186,1.181241989,NA,96.08740234,17.17970085,326.4442749,132.0244751,0.73,132.0244751,0.001445668,NA,85,6.4,1109,1560,12,5.69,7097.6,4,Temp,NA,NA,NA,NA,NA,NA,0,12.39793777,16.08831596,28.48625374
Scrapping,https://doi.org/10.1007/978-3-642-57219-7,41.75,14.883333,Coniferous,NA,NA,NA,NA,NA,NA,NA,NA,NA,NA,NA,NA,8.5,1032,905,NA,NA,72,37,1197,381,6.92,0.42,10,ECM,0,13.61666679,474,465,0.935305893,68.64935303,Woody,6458.25,0,0.557488322,2.325613022,0.997410476,-0.301079988,127.4789963,18.3484993,303.9090576,122.4793472,0.42,122.4793472,0.00077162,NA,72,8.5,1032,905,10,6.92,8772,12,Temp,NA,NA,NA,NA,NA,NA,0,8.289819717,8.902884483,17.1927042
Scrapping,https://doi.org/10.1016/j.foreco.2004.03.033 and https://doi.org/10.1002/ecm.1423,42.5,-72.16,Coniferous,1.15,0.17372078,1.6,0.6,3100,2778.5,3490,3100,35.65,4.826831872,55.84,18.6,7.4,1066,315,96.31683187,17.05,79.26683187,100,NA,NA,NA,NA,43.6,ECM,0,7.179166794,1094,299,1.844752789,45,Woody,7849.450195,0,1.460385323,3.638465405,2.288131714,-0.019654,156.6430054,22.65180016,880.5031128,110.5863037,880.5031128,110.5863037,1.46057377,74.95435475,79.26683187,7.4,1066,315,43.6,4.5,7888.4,4,Temp,0.724871631,9368.5,2695.652174,15994.05667,2181.25,97.26752654,0,37.37925339,64.15292358,101.532177
Scrapping,https://doi.org/10.1016/j.foreco.2004.03.033 and https://doi.org/10.1002/ecm.1424,42.5,-72.16,Broadleaved,2.1,0.36,1.2,0.9,2910,4542.8,2520,2910,61.11,16.35408,30.24,26.19,7.4,1066,315,107.70408,34.92,72.78408,100,NA,NA,NA,NA,40.1,ECM/AM,50,7.179166794,1094,299,1.844752789,45,Woody,7849.450195,0,1.460385323,3.638465405,2.288131714,-0.019654,156.6430054,22.65180016,880.5031128,110.5863037,880.5031128,110.5863037,1.46057377,83.10391672,72.78408,7.4,1066,315,40.1,4.5,7888.4,4,Temp,2.561642857,9972.8,1385.714286,12618.88889,2100,92.59444953,50,37.37925339,64.15292358,101.532177
Scrapping,https://doi.org/10.1890/10-1558.1 and https://doi.org/10.1002/ecy.2193,9.108611,-79.843611,Broadleaved,2.48,0.36,1.43,1.3,6830,2260,4752.95138,6830,169.384,8.136,67.96720473,88.79,26,2600,NA,245.4872047,80.594,164.8932047,200,NA,NA,NA,NA,NA,AM,100,26.34166718,2402,89,1.41059792,52.52462006,Woody,63272.68359,0.425005555,0.820758343,3.498623371,0.913232148,-0.301252127,269.3269958,38.28939819,507.549469,107.6984863,507.549469,107.6984863,0.819934643,181.7117718,164.8932047,26,2600,89,1.41059792,5.252462006,67600,1,Trop,2.611847886,13842.95138,2754.032258,6277.777778,3323.742224,56.38970632,100,7.100858688,6.470197678,13.57105637
Scrapping,"https://doi.org/10.1111/1365-2435.13660 , https://doi.org/10.3389/fpls.2019.00664 , https://doi.org/10.1038/nclimate3235 ,",-33.61,150.74,Broadleaved,1.6,0.48,0.896,1.11,1442.4,1179.4,5895,1442.4,23.0784,5.66112,52.8192,16.01064,17,724,23,81.55872,7.06776,74.49096,75,600,NA,NA,NA,NA,ECM/AM,50,17.33333397,850,25,1.240361691,57.21127701,Woody,14740.41699,0,0.450686008,3.302072525,1.299716353,-0.150680006,123.7350006,16.92440033,245.9841766,122.1031876,245.9841766,122.1031876,0.450531781,64.39235189,74.49096,17,724,23,1.240361691,5.721127701,12308,4,Temp,0.544111232,8516.8,901.5,2457.083333,6579.241071,104.425376,50,11.16065025,26.08447456,37.24512482
Scrapping,"https://doi.org/10.1046/j.1461-0248.2003.00467.x , https://onlinelibrary.wiley.com/doi/full/10.1111/j.1365-2486.2009.02058.x ",45.40375,-93.185556,Grassland,1.59,NA,0.8,0.73,2888.8,NA,8188.5,2888.8,45.93192,NA,65.508,21.08824,NA,660,NA,111.43992,24.84368,86.59624,NA,NA,NA,NA,NA,NA,AM,100,6.266666412,744,278,1.17866385,56.21883392,Non-woody,4668.600098,0.075002484,0.926434159,2.740676403,1.059521437,NA,95.09619904,10.71500015,479.8449402,128.6214294,479.8449402,128.6214294,0.925775132,85.77756177,86.59624,6.266666412,660,278,1.17866385,5.621883392,4135.999832,4,Temp,0.701165049,11077.3,1816.855346,NA,10235.625,99.401543,100,19.08786774,22.98680687,42.07467461
Scrapping,"https://doi.org/10.2307/2845913 , 10.1046/j.1365-2435.1997.00142.x , https://www.jstor.org/stable/pdf/2389406.pdf?refreqid=excelsior%3A9cb7fec6193493cae89367322812ac27&ab_segments=&origin= ,",37.4,-122.22,Grassland,1.6,NA,1.27,NA,630,NA,1020,630,10.08,NA,12.954,NA,NA,582,100,23.034,10.08,12.954,NA,NA,NA,NA,NA,NA,AM,100,13.96666622,604,168,0.897645533,63.53054047,Non-woody,8435.867188,0,0.809468091,NA,NA,0.054754,122.427002,24.0284996,399.9742737,135.0932007,399.9742737,135.0932007,0.810507072,22.507708,12.954,13.96666622,582,100,0.897645533,6.353054047,8128.599741,5,Temp,0.778138027,1650,393.75,NA,803.1496063,71.63323782,100,3.043245554,3.798060179,6.841305733
Scrapping,https://link.springer.com/content/pdf/10.1007/s11104-005-5675-9.pdf,-40.23,175.27,Grassland,3.88,NA,1.515,1.525,1542,NA,3832.5,1542,59.8296,NA,58.062375,23.5155,12.9,870,NA,117.891975,36.3141,81.577875,NA,NA,NA,NA,0.33,10.95,AM,100,13.15416718,946,18,2.40341258,59.52245712,Non-woody,12447.7832,NA,0.546001136,3.048060417,1.553246617,-0.066699997,142.576004,24.95639992,348.4734192,104.4133759,0.33,104.4133759,0.000516846,90.39513237,81.577875,12.9,870,18,10.95,5.952245712,11223,4,Temp,1.030436664,5374.5,397.4226804,NA,2529.70297,45.58834475,100,2.040269136,11.70552444,13.74579358
Scrapping,https://doi.org/10.1111/j.1469-8137.2012.04349.x,41.18,-104.9,Grassland,1.24,NA,0.73,0.82,1151.6,NA,707.5,1151.6,14.27984,NA,5.16475,9.44312,NA,384,1930,19.44459,4.83672,14.60787,NA,NA,NA,g/m,NA,NA,AM,100,7.379166603,385,1901,0.99687767,67.03271484,Non-woody,2842.583496,0.443752676,0.354051799,2.425198555,1.109146833,-0.157333255,124.5660019,13.48359966,172.7767639,136.6064758,172.7767639,136.6064758,0.256,19.93885916,14.60787,7.379166603,384,1930,0.99687767,NA,2833.599976,8,Temp,2.764865676,1859.1,928.7096774,NA,969.1780822,95.61014143,100,17.7940731,11.43257809,29.22665119
Scrapping,"https://doi.org/10.1007/s10533-006-9025-7 , /10.1029/97JD02317",55.88,-98.48,Coniferous,0.786,0.5725,0.25,0.5,640,1370,1350,540,5.0304,7.84325,3.375,2.7,-4.6,536,220.97,16.24865,2.3304,13.91825,155,5470,NA,NA,0.06,NA,ECM,0,-3.070833445,511,261,4.027909279,60,Woody,-1567.06665,0,0.46692732,2.948981524,1.177998781,-0.324559659,758.3179932,111.5660019,319.301239,97.70051575,0.06,97.70051575,8.79305E-05,17.65160671,13.91825,-4.6,536,220.97,4.027909279,6,-2465.6,6,Bor,3.814414815,3360,814.2493639,2393.0131,5400,206.7864099,0,6.242054462,5.942469597,12.18452406
Scrapping,"https://doi.org/10.1007/s10533-006-9025-7 , /10.1029/97JD02318",55.93,-98.62,Coniferous,0.75,0.48,0.75,0.5,560,1340,1420,460,4.2,6.432,10.65,2.3,-4.6,536,220.97,21.282,1.9,19.382,63,1310,NA,NA,0.11,NA,ECM,0,-3.158333302,511,291,2.100209951,60.096241,Woody,-1609.650024,0,0.209595278,2.763015747,1.145563006,-0.080645114,758.3179932,111.5660019,140.8812561,99.12660217,0.11,99.12660217,0.000163559,21.25384646,19.382,-4.6,536,220.97,2.100209951,6.0096241,-2465.6,6,Bor,0.998309859,3320,746.6666667,2791.666667,1893.333333,156.0003759,0,6.242054462,5.942469597,12.18452406
Scrapping,"https://doi.org/10.1007/s10533-006-9025-7 , /10.1029/97JD02319",55.85,-98.04,Broadleaved,1.375,0.845,0.32,1.3,1350,3890,1740,1350,18.5625,32.8705,5.568,17.55,-4.6,536,220.97,57.001,1.0125,55.9885,53,2250,NA,NA,0.18,NA,ECM/AM,50,-3.087500095,524,235,3.433953762,59.96694183,Woody,-1611.299927,0,0.228553057,2.944225073,1.15238905,-0.329458535,723.302002,110.348999,151.6165314,100.582077,0.18,100.582077,0.000271572,46.81702036,55.9885,-4.6,536,220.97,3.433953762,5.996694183,-2465.6,6,Bor,9.237248563,6980,981.8181818,4603.550296,5437.5,122.453992,50,6.318820953,5.85519886,12.17401981
Scrapping,"https://doi.org/10.1007/s10533-006-9025-7 , /10.1029/97JD02320",53.99,-105.12,Coniferous,0.6,0.27,0.28,0.48,920,1580,1510,770,5.52,4.266,4.228,3.696,-1.1,405,NA,14.014,1.824,12.19,115,6150,NA,NA,0.07,NA,ECM,0,0.079166643,471,593,2.044738054,60.14221954,Woody,39.24994659,0,0.216914758,2.549155712,0.909539461,0.073973663,557.6380005,46.16279984,131.3583832,110.1016846,0.07,110.1016846,0.000115607,16.05232491,12.19,-1.1,405,593,2.044738054,6.014221954,-445.5,6,Bor,2.314569536,4010,1533.333333,5851.851852,5392.857143,286.142429,0,6.388591766,5.846548557,12.23514032
Scrapping,"https://doi.org/10.1007/s10533-006-9025-7 , /10.1029/97JD02321",53.92,-104.69,Coniferous,0.9,0.21,0.23,0.61,830,1160,1260,790,7.47,2.436,2.898,4.819,-1.1,405,NA,12.804,2.651,10.153,65,1190,NA,NA,0.05,NA,ECM,0,-0.366666734,471,516,2.394212961,61.61581802,Woody,-172.6999969,0,0.186408386,2.567502499,0.900067687,0.077381119,672.6459961,65.16609955,112.0101395,110.9116211,0.05,110.9116211,8.31837E-05,15.18635889,10.153,-1.1,405,516,2.394212961,6.161581802,-445.5,6,Bor,3.418219462,3250,922.2222222,5523.809524,5478.26087,253.8269291,0,6.388591766,5.846548557,12.23514032
Scrapping,"https://doi.org/10.1007/s10533-006-9025-7 , /10.1029/97JD02322",53.63,-106.2,Broadleaved,1.5,0.235,0.27,1.33,1910,3440,1900,1910,28.65,8.084,5.13,25.403,-1.1,405,NA,41.864,3.247,38.617,67,980,NA,NA,0.21,NA,ECM/AM,50,0.599999905,470,589,2.170521021,62.64139175,Woody,278.083252,0,0.26282084,2.682321072,1.034318089,0.043718047,785.4769897,68.21589661,154.1880951,113.731575,0.21,113.731575,0.000358254,35.98385696,38.617,-1.1,405,589,2.170521021,6.264139175,-445.5,6,Bor,7.160623782,7250,1273.333333,14638.29787,7037.037037,173.1798204,50,5.803574562,5.664426804,11.46800137
Scrapping,https://esajournals.onlinelibrary.wiley.com/doi/full/10.1890/02-5291,44.25,-110.22,Coniferous,0.92,0.17372078,0.22,NA,1360,900,440,1360,12.512,1.56348702,0.968,0,-0.5,465,2360,15.04348702,NA,NA,NA,2250,NA,NA,NA,NA,ECM,0,-0.516666651,613,2744,1.524392962,55.06194305,Woody,-306.4999695,0,0.774048328,3.144188166,1.242647171,0.152708054,365.5130005,15.7737999,459.1477966,112.3816986,459.1477966,112.3816986,0.773997139,16.78910242,16.78910242,-0.5,465,2360,1.524392962,5.506194305,-232.5,5,Temp,14.54079238,2700,1478.26087,5180.727372,2000,179.4796643,0,11.3174324,10.43360901,21.75104141
Scrapping,"R. Bras. Zootec., v.33, n.1, p.68-78, 2004",-22.016,-47.9,Grassland,NA,NA,NA,NA,NA,NA,NA,NA,NA,NA,NA,NA,NA,NA,836,199.88,NA,NA,NA,NA,NA,NA,NA,NA,AM,100,19.79999924,1443,847,NA,NA,Non-woody,28571.39844,1,NA,0.922286808,0.59937644,NA,100.6869965,14.91129971,NA,NA,NA,NA,NA,149.071863,149.071863,19.79999924,1443,836,NA,NA,28571.3989,7,Trop,NA,NA,NA,NA,NA,NA,100,24.97868729,22.69786072,47.676548
Scrapping,J.L. Stape et al. / Forest Ecology and Management 193 (2004) 17–31,-11.916,-38.54,Broadleaved,NA,NA,NA,NA,3400,6100,NA,NA,NA,NA,NA,NA,25.5,882,230,NA,NA,28.14814815,5.1,NA,NA,NA,NA,NA,ECM/AM,50,22.63333321,980,329,1.793958187,58.26131439,Woody,22188.83398,1,0.40093109,3.134444714,0.928765178,-0.259675175,49.15280151,4.933599949,201.0055237,132.9645996,201.0055237,132.9645996,0.400899285,NA,28.14814815,25.5,882,230,1.793958187,5.826131439,22491,13,Trop,NA,NA,NA,NA,NA,NA,50,6.106537819,4.174411297,10.28094912
Scrapping,J.L. Stape et al. / Forest Ecology and Management 193 (2004) 17–32,-11.95,-38.483,Broadleaved,NA,NA,NA,NA,5000,4700,NA,NA,NA,NA,NA,NA,25.5,916,270,NA,NA,39.50617284,7.2,NA,NA,NA,NA,NA,ECM/AM,50,23.27916718,1038,217,1.432387352,58.81491852,Woody,24159.44922,1,0.437128395,3.279279947,0.931750357,NA,49.15280151,4.933599949,219.2357483,132.9021301,219.2357483,132.9021301,0.437053469,NA,39.50617284,25.5,916,270,1.432387352,5.881491852,23358,13,Trop,NA,NA,NA,NA,NA,NA,50,6.106537819,4.174411297,10.28094912
Scrapping,J.L. Stape et al. / Forest Ecology and Management 193 (2004) 17–33,-11.783,-38.55,Broadleaved,NA,NA,NA,NA,3900,5800,NA,NA,NA,NA,NA,NA,25.5,853,210,NA,NA,35.80246914,6.1,NA,NA,NA,NA,NA,ECM/AM,50,23.21666718,830,257,1.944140196,59.08525848,Woody,19262.91797,1,0.389498889,2.663429499,0.904375792,-0.249668851,49.15280151,4.933599949,190.7483673,136.105835,190.7483673,136.105835,0.389429487,NA,35.80246914,25.5,853,210,1.944140196,5.908525848,21751.5,13,Trop,NA,NA,NA,NA,NA,NA,50,6.106537819,4.174411297,10.28094912
Scrapping,J.L. Stape et al. / Forest Ecology and Management 193 (2004) 17–34,-11.85,-38.466,Broadleaved,NA,NA,NA,NA,4000,6600,NA,NA,NA,NA,NA,NA,25.5,935,250,NA,NA,38.27160494,7.1,NA,NA,NA,NA,NA,ECM/AM,50,23.18333435,944,230,1.733942032,59.01093292,Woody,21877.19922,1,0.450615913,2.908176422,0.907515228,-0.268709987,49.15280151,4.933599949,228.0532074,131.8204041,228.0532074,131.8204041,0.450930989,NA,38.27160494,25.5,935,250,1.733942032,5.901093292,23842.5,13,Trop,NA,NA,NA,NA,NA,NA,50,6.106537819,4.174411297,10.28094912
Scrapping,J.L. Stape et al. / Forest Ecology and Management 193 (2004) 17–35,-11.816,-38.366,Broadleaved,NA,NA,NA,NA,6100,8800,NA,NA,NA,NA,NA,NA,25.5,902,220,NA,NA,48.88888889,7.3,NA,NA,NA,NA,NA,ECM/AM,50,23.46666718,981,190,1.409612775,60.05926132,Woody,23020.80078,1,0.416363031,2.710755587,0.884683311,-0.212511837,44.90999985,4.407919884,210.9469604,131.6358185,210.9469604,131.6358185,0.416522637,NA,48.88888889,25.5,902,220,1.409612775,6.005926132,23001,13,Trop,NA,NA,NA,NA,NA,NA,50,5.015909195,2.23499918,7.250908375
Scrapping,J.L. Stape et al. / Forest Ecology and Management 193 (2004) 17–36,-11.966,-38.55,Broadleaved,NA,NA,NA,NA,3900,10300,NA,NA,NA,NA,NA,NA,25.5,955,300,NA,NA,47.40740741,6,NA,NA,NA,NA,NA,ECM/AM,50,22.86249924,1020,290,1.644400954,57.48814011,Woody,23324,1,0.436603457,3.312657356,0.939127028,NA,49.15280151,4.933599949,217.3084259,133.9371185,217.3084259,133.9371185,0.436584966,NA,47.40740741,25.5,955,300,1.644400954,5.748814011,24352.5,13,Trop,NA,NA,NA,NA,NA,NA,50,6.106537819,4.174411297,10.28094912
Scrapping,J.L. Stape et al. / Forest Ecology and Management 193 (2004) 17–37,-11.783,-37.9,Broadleaved,NA,NA,NA,NA,3700,11100,NA,NA,NA,NA,NA,NA,25.5,1143,150,NA,NA,42.4691358,5.1,NA,NA,NA,NA,NA,ECM/AM,50,23.70833397,1446,159,2.114665985,52.22297287,Woody,34282.25,1,0.325486094,2.222802162,0.84175694,-0.257059991,62.68489838,9.735779762,168.8098297,128.5720978,168.8098297,128.5720978,0.325563509,NA,42.4691358,25.5,1143,150,2.114665985,5.222297287,29146.5,1,Trop,NA,NA,NA,NA,NA,NA,50,5.015909195,2.23499918,7.250908375
Scrapping,J.L. Stape et al. / Forest Ecology and Management 193 (2004) 17–38,-12.03,-38.466,Broadleaved,NA,NA,NA,NA,4400,10600,NA,NA,NA,NA,NA,NA,25.5,958,310,NA,NA,46.41975309,5,NA,NA,NA,NA,NA,ECM/AM,50,22.87083244,1131,284,1.657747388,52.02560806,Woody,25881.05078,1,0.384438187,3.281972885,0.927083015,-0.293669999,61.18149948,12.49969959,200.7909241,127.6660385,200.7909241,127.6660385,0.384512728,NA,46.41975309,25.5,958,310,1.657747388,5.202560806,24429,13,Trop,NA,NA,NA,NA,NA,NA,50,6.106537819,4.174411297,10.28094912
Scrapping,J.L. Stape et al. / Forest Ecology and Management 193 (2004) 17–39,-12.08,-38.25,Broadleaved,NA,NA,NA,NA,3800,16000,NA,NA,NA,NA,NA,NA,25.5,1008,180,NA,NA,47.90123457,6.3,NA,NA,NA,NA,NA,ECM/AM,50,23.82916641,1389,116,1.668695092,54.70468903,Woody,33104.5,1,0.377687424,2.570536375,0.872719646,-0.27136001,40.90359879,6.622910023,193.3117218,130.2453613,193.3117218,130.2453613,0.377669326,NA,47.90123457,25.5,1008,180,1.668695092,5.470468903,25704,1,Trop,NA,NA,NA,NA,NA,NA,50,5.015909195,2.23499918,7.250908375
Scrapping,J.L. Stape et al. / Forest Ecology and Management 193 (2004) 17–40,-11.9666,-38.116,Broadleaved,NA,NA,NA,NA,4300,18000,NA,NA,NA,NA,NA,NA,25.5,1131,180,NA,NA,55.80246914,6.1,NA,NA,NA,NA,NA,ECM/AM,50,23.48749924,1440,177,1.548710823,53.00772095,Woody,33804,1,0.38768518,2.184767723,0.853034616,-0.270230949,44.90999985,4.407919884,203.3045807,127.0704498,203.3045807,127.0704498,0.387510068,NA,55.80246914,25.5,1131,180,1.548710823,5.300772095,28840.5,1,Trop,NA,NA,NA,NA,NA,NA,50,5.015909195,2.23499918,7.250908375
Scrapping,J.L. Stape et al. / Forest Ecology and Management 193 (2004) 17–41,-12,-38.23,Broadleaved,NA,NA,NA,NA,5600,17400,NA,NA,NA,NA,NA,NA,25.5,1054,200,NA,NA,59.75308642,6.2,NA,NA,NA,NA,NA,ECM/AM,50,23.50416756,1342,169,1.738807201,53.80911636,Woody,31537,1,0.376616836,2.659686089,0.882412195,-0.269523114,40.90359879,6.622910023,199.0268097,126.0055771,199.0268097,126.0055771,0.37617732,NA,59.75308642,25.5,1054,200,1.738807201,5.380911636,26877,1,Trop,NA,NA,NA,NA,NA,NA,50,5.015909195,2.23499918,7.250908375
Scrapping,J.L. Stape et al. / Forest Ecology and Management 193 (2004) 17–42,-12.266,-38.85,Broadleaved,NA,NA,NA,NA,8200,16900,NA,NA,NA,NA,NA,NA,25.5,1605,50,NA,NA,69.62962963,7.9,NA,NA,NA,NA,NA,ECM/AM,50,23.5625,1053,176,1.189026833,59.79427719,Woody,24824.47656,1,0.521205962,2.504669666,0.872624218,-0.286108673,61.18149948,12.49969959,270.5281372,128.426712,270.5281372,128.426712,0.521145588,NA,69.62962963,25.5,1605,50,1.189026833,5.979427719,40927.5,13,Trop,NA,NA,NA,NA,NA,NA,50,6.106537819,4.174411297,10.28094912
Scrapping,J.L. Stape et al. / Forest Ecology and Management 193 (2004) 17–43,-12.3,-38.016,Broadleaved,NA,NA,NA,NA,6100,22100,NA,NA,NA,NA,NA,NA,25.5,1611,80,NA,NA,79.01234568,6.3,NA,NA,NA,NA,NA,ECM/AM,50,24.46249962,1814,41,1.488900185,50.10621643,Woody,44397.65234,1,0.37688753,2.147728682,0.834177375,NA,40.90359879,6.622910023,199.5398712,125.7391357,199.5398712,125.7391357,0.376349564,NA,79.01234568,25.5,1611,80,1.488900185,5.010621643,41080.5,1,Trop,NA,NA,NA,NA,NA,NA,50,5.015909195,2.23499918,7.250908375
Scrapping,J.L. Stape et al. / Forest Ecology and Management 193 (2004) 17–44,-12.5,-38.95,Broadleaved,NA,NA,NA,NA,9000,30100,NA,NA,NA,NA,NA,NA,25.5,1654,100,NA,NA,98.27160494,6.3,NA,NA,NA,NA,NA,ECM/AM,50,23.16666603,1119,215,1.571242452,58.10374832,Woody,25904.84961,1,0.41463235,2.781654596,0.90233314,NA,54.31439972,12.37100029,206.5148315,133.8440704,206.5148315,133.8440704,0.414611785,NA,98.27160494,25.5,1654,100,1.571242452,5.810374832,42177,1,Trop,NA,NA,NA,NA,NA,NA,50,6.106537819,4.174411297,10.28094912
Scrapping,10.1002/2017JG004103,-2.983,-47.516,Broadleaved,NA,NA,NA,NA,NA,NA,NA,NA,NA,NA,NA,NA,NA,1800,NA,153,NA,NA,NA,NA,NA,NA,NA,NA,AM,100,25.97916603,1988,131,1.304342508,49.70490646,Woody,51621.73438,1,0.290595174,1.921985507,0.811319768,-0.521709979,108.7949982,16.92980003,169.5343628,114.2639923,169.5343628,114.2639923,0.290575097,115.5210471,115.5210471,25.97916603,1800,131,1.304342508,4.970490646,46762.49886,1,Trop,NA,NA,NA,NA,NA,NA,100,8.292462349,7.498781681,15.79124403
Scrapping,https://helda.helsinki.fi/bitstream/handle/1975/9310/208.pdf?sequence=3&isAllowed=y,62.85,30.883,Coniferous,1.54,0.065,0.64,0.62,1286,2016,2501,930,19.8044,1.3104,16.0064,5.766,NA,NA,155,37.1212,14.0384,23.0828,45,NA,NA,NA,NA,NA,ECM,0,2.025000095,657,165,2.481871605,45.99633789,Woody,1335.900024,0,1.006690741,3.951204062,2.869356632,0.218676329,418.8349915,108.427002,823.0899048,81.56216431,823.0899048,81.56216431,1.006994911,32.58955641,23.0828,2.025000095,657,155,2.481871605,4.599633789,1330.425063,6,Bor,1.319147341,5803,835.0649351,31015.38462,3907.8125,156.3257653,0,6.522871971,9.70091629,16.22378826
Scrapping,https://helda.helsinki.fi/bitstream/handle/1975/9310/208.pdf?sequence=3&isAllowed=y,62.85,30.883,Coniferous,1.39,0.059,1.1,0.84,695,1668,1077,651,9.6605,0.98412,11.847,5.4684,NA,NA,NA,22.49162,4.1921,18.29952,NA,NA,NA,NA,NA,NA,ECM,0,2.025000095,657,165,2.481871605,45.99633789,Woody,1335.900024,0,1.006690741,3.951204062,2.869356632,0.218676329,418.8349915,108.427002,823.0899048,81.56216431,823.0899048,81.56216431,1.006994911,22.11954052,18.29952,2.025000095,657,165,2.481871605,4.599633789,1330.425063,6,Bor,0.898507639,3440,500,28271.18644,979.0909091,152.9458527,0,6.522871971,9.70091629,16.22378826
Scrapping,https://helda.helsinki.fi/bitstream/handle/1975/9310/208.pdf?sequence=3&isAllowed=y,62.85,30.883,Broadleaved,2.29,0.104,0.94,1.35,1251,1494,868,709,28.6479,1.55376,8.1592,9.5715,NA,NA,NA,38.36086,19.0764,19.28446,NA,NA,NA,NA,NA,NA,ECM,0,2.025000095,657,165,2.481871605,45.99633789,Woody,1335.900024,0,1.006690741,3.951204062,2.869356632,0.218676329,418.8349915,108.427002,823.0899048,81.56216431,823.0899048,81.56216431,1.006994911,33.47674934,19.28446,2.025000095,657,165,2.481871605,4.599633789,1330.425063,6,Bor,3.70154672,3613,546.2882096,14365.38462,923.4042553,94.18454122,0,6.522871971,9.70091629,16.22378826
Scrapping,https://helda.helsinki.fi/bitstream/handle/1975/9310/208.pdf?sequence=3&isAllowed=y,62.85,30.883,Coniferous,1.38,0.058,0.665,0.89,1112,2328,3266,383,15.3456,1.35024,21.7189,3.4087,NA,NA,NA,38.41474,11.9369,26.47784,NA,NA,NA,NA,NA,NA,ECM,0,2.025000095,657,165,2.481871605,45.99633789,Woody,1335.900024,0,1.006690741,3.951204062,2.869356632,0.218676329,418.8349915,108.427002,823.0899048,81.56216431,823.0899048,81.56216431,1.006994911,33.51530988,26.47784,2.025000095,657,165,2.481871605,4.599633789,1330.425063,6,Bor,0.768724015,6706,805.7971014,40137.93103,4911.278195,174.5684079,0,6.522871971,9.70091629,16.22378826
Scrapping,https://sci-hub.hkvisa.net/https://doi.org/10.1139/x26-148,64.7202,-148.2056,Broadleaved,1.35,0.155603141,1.447,1.220886551,2662,7005,3551,2662,35.937,10.9,51.38297,32.5,-3.5,269,NA,98.21997,3.437,94.78297,30,NA,NA,NA,NA,NA,ECM/AM,50,-2.845833302,297,120,1.76128912,60.19647217,Woody,-841.5,0,0.647272289,3.860980749,2.061827898,0.251805454,121.1610031,20.20159912,671.5596313,64.23087311,671.5596313,64.23087311,0.647022922,76.31638199,94.78297,-3.5,269,120,1.76128912,6.019647217,-941.5,6,Bor,0.911527691,13218,1971.851852,45018.37145,2454.042847,134.575484,50,1.305790901,3.309041739,4.61483264
Scrapping,https://sci-hub.hkvisa.net/https://doi.org/10.1139/x26-149,64.7202,-148.2056,Broadleaved,1.76,0.186132133,1.05,0.944233207,1578,4889,4386,1578,27.7728,9.1,46.053,14.9,-3.5,269,NA,82.9258,12.8728,70.053,90,NA,NA,NA,NA,NA,ECM/AM,50,-2.845833302,297,120,1.76128912,60.19647217,Woody,-841.5,0,0.647272289,3.860980749,2.061827898,0.251805454,121.1610031,20.20159912,671.5596313,64.23087311,671.5596313,64.23087311,0.647022922,65.37073605,70.053,-3.5,269,120,1.76128912,6.019647217,-941.5,6,Bor,0.800660109,10853,896.5909091,26266.28686,4177.142857,130.8760362,50,1.305790901,3.309041739,4.61483264
Scrapping,https://sci-hub.hkvisa.net/https://doi.org/10.1139/x26-150,64.7202,-148.2056,Coniferous,1.04,0.162481536,1.255,0.834202294,959,2708,2477,959,9.9736,4.4,31.08635,8,-3.5,269,NA,45.45995,1.9736,43.48635,250,NA,NA,NA,NA,NA,ECM,0,-2.845833302,297,120,1.76128912,60.19647217,Woody,-841.5,0,0.647272289,3.860980749,2.061827898,0.251805454,121.1610031,20.20159912,671.5596313,64.23087311,671.5596313,64.23087311,0.647022922,38.55738632,43.48635,-3.5,269,120,1.76128912,6.019647217,-941.5,6,Bor,0.462376574,6144,922.1153846,16666.50911,1973.705179,135.1519304,0,1.305790901,3.309041739,4.61483264
Scrapping,https://sci-hub.hkvisa.net/https://doi.org/10.1139/x26-151,64.7202,-148.2056,Coniferous,0.88,0.205357143,0.646,0.453752182,573,112,2324,573,5.0424,0.23,15.01304,2.6,-3.5,269,NA,20.28544,2.4424,17.84304,200,NA,NA,NA,NA,NA,ECM,0,-2.845833302,297,120,1.76128912,60.19647217,Woody,-841.5,0,0.647272289,3.860980749,2.061827898,0.251805454,121.1610031,20.20159912,671.5596313,64.23087311,671.5596313,64.23087311,0.647022922,20.54063398,17.84304,-3.5,269,120,1.76128912,6.019647217,-941.5,6,Bor,0.351188034,3009,651.1363636,545.391304,3597.52322,148.3329915,0,1.305790901,3.309041739,4.61483264
Scrapping,https://sci-hub.hkvisa.net/https://doi.org/10.1139/x26-152,64.7546,-148.2945,Broadleaved,2.1,0.160550459,2.867,0.716432866,1996,6104,2755,1996,41.916,9.8,78.98585,14.3,-3.5,269,NA,130.70185,27.616,103.08585,77.5,NA,NA,NA,NA,NA,ECM/AM,50,-2.741666794,295,238,1.90426445,51.63851166,Woody,-808.791687,0,0.418857515,3.735104799,1.802615762,0.2805067,121.3300018,20.20159912,659.9702148,42.76034927,659.9702148,42.76034927,0.423308353,99.56283197,103.08585,-3.5,269,238,1.90426445,5.163851166,-941.5,6,Bor,0.654750186,10855,950.4761905,38019.19993,960.934775,83.0516171,50,1.291117072,1.911546826,3.202663898
Scrapping,https://sci-hub.hkvisa.net/https://doi.org/10.1139/x26-153,64.7546,-148.2945,Coniferous,1.07,0.173720783,1.645,0.70226774,1367,3166,1574,1367,14.6269,5.5,25.8923,9.6,-3.5,269,NA,46.0192,5.0269,40.9923,130,NA,NA,NA,NA,NA,ECM,0,-2.741666794,295,238,1.90426445,51.63851166,Woody,-808.791687,0,0.418857515,3.735104799,1.802615762,0.2805067,121.3300018,20.20159912,659.9702148,42.76034927,659.9702148,42.76034927,0.423308353,38.95762723,40.9923,-3.5,269,238,1.90426445,5.163851166,-941.5,6,Bor,0.777331485,6107,1277.570093,18224.64731,956.8389058,132.7054795,0,1.291117072,1.911546826,3.202663898
Scrapping,"https://nph.onlinelibrary.wiley.com/doi/10.1111/nph.17154 , https://bg.copernicus.org/articles/6/2759/2009/bg-6-2759-2009.pdf ,  https://doi.org/10.1111/j.1529-8817.2003.00757.x",-2.5,-60,Broadleaved,1.767,0.36,0.74,1.265,8600,3800,4000,8600,151.962,13.68,29.6,108.79,27.1,2273,NA,195.242,43.172,152.07,NA,NA,NA,NA,0.16,NA,AM,100,26.33749962,2386,114,1.364368081,40.5439415,Woody,62831.33594,1,0.310895592,1.986071348,0.825597167,-0.398078084,128.5410004,19.51639938,176.9104156,117.1477509,0.16,117.1477509,0.000281155,145.7525651,152.07,27.1,2273,114,1.364368081,4.05439415,61598.3,1,Trop,5.596013514,16400,4867.006225,10555.55556,5405.405405,83.99832003,100,9.630899429,10.10624886,19.73714828
Scrapping,"https://sci-hub.hkvisa.net/10.1016/s0168-1923(02)00099-0 , https://esajournals.onlinelibrary.wiley.com/doi/full/10.1890 , https://doi.org/10.2307/2640982/1051-0761%282000%29010%5B0018%3AIEOACA%5D2.0.CO%3B2  https://doi.org/10.1890/10-0633.1",45.58,-84.7,Broadleaved,2.275,0.36,1.65,0.778,2660,3700,6020,2660,60.515,13.32,99.33,20.6948,6.2,750,NA,173.165,39.8202,133.3448,90,NA,NA,NA,0.0628,NA,AM,100,6.162499905,795,214,NA,NA,Woody,4902.5,0,NA,2.986820459,1.253800631,NA,NA,NA,NA,NA,0.0628,NA,NA,129.9526214,133.3448,6.2,750,214,NA,NA,4650,4,Temp,0.743330313,12380,1169.230769,10277.77778,3648.484848,71.49250715,100,17.99581909,20.60137749,38.59719658
Scrapping,"https://d1wqtxts1xzle7.cloudfront.net/42258910/Patterns_of_nutrient_accumulation_and_re20160206-3119-89mfr1-libre.pdf?1454824063=&response-content-disposition=inline%3B+filename%3DPatterns_of_nutrient_accumulation_and_re.pdf&Expires=1657823420& , Signature=WCYoNDM5HI8QBclC07691G-5IkaHvnD0syIP42P8XcjktYcA8uwbqhRGNzEASiZ0RZqZUqhOtUMF4dNflh24~IHmMfPn7ES8roNekue1uoIVzy07y2-JaH-S--wzUzNFrS0S08-KXI2Vwr6XjUXwbkYEXBCSwB413MtTonXm6GT40997uBrXiyWxmz06ZSRgMyW7sHxb90woBQZwDK5sdXzpR4Bt1JREPVZ1bIzkz~cFSDo~yZY8ZuPE6PoXubsKoXDkpl~f0J4mACk5Ke4dPOriRHUNbuWpCQKGnslTmy9FM5pwXcvFjXd17UgzjDXQQyFFelfb-zyxnAeh9Ye6sg__&Key-Pair-Id=APKAJLOHF5GGSLRBV4ZA , https://link.springer.com/content/pdf/10.1007/BF00379956.pdf",1.9,-67.9,Broadleaved,1.336,0.36,2.38,1.31,6500,9400,3109.8,6500,86.84,33.84,74.01324,85.15,26,3565,122,194.69324,1.69,193.00324,NA,NA,NA,NA,NA,NA,AM,100,26.00416565,3621,159,1.917777061,46.91081619,Woody,94176.17188,1,0.607343733,3.613170147,1.007837415,-0.255322516,102.072998,16.77759933,353.3918457,114.464798,353.3918457,114.464798,0.606763893,145.3598316,193.00324,26,3565,122,1.917777061,4.691081619,92690,1,Trop,1.63051908,19009.8,4865.269461,26111.11111,1306.638655,97.6397537,100,5.936143398,5.503390312,11.43953371
Scrapping,"https://d1wqtxts1xzle7.cloudfront.net/42258910/Patterns_of_nutrient_accumulation_and_re20160206-3119-89mfr1-libre.pdf?1454824063=&response-content-disposition=inline%3B+filename%3DPatterns_of_nutrient_accumulation_and_re.pdf&Expires=1657823420& , Signature=WCYoNDM5HI8QBclC07691G-5IkaHvnD0syIP42P8XcjktYcA8uwbqhRGNzEASiZ0RZqZUqhOtUMF4dNflh24~IHmMfPn7ES8roNekue1uoIVzy07y2-JaH-S--wzUzNFrS0S08-KXI2Vwr6XjUXwbkYEXBCSwB413MtTonXm6GT40997uBrXiyWxmz06ZSRgMyW7sHxb90woBQZwDK5sdXzpR4Bt1JREPVZ1bIzkz~cFSDo~yZY8ZuPE6PoXubsKoXDkpl~f0J4mACk5Ke4dPOriRHUNbuWpCQKGnslTmy9FM5pwXcvFjXd17UgzjDXQQyFFelfb-zyxnAeh9Ye6sg__&Key-Pair-Id=APKAJLOHF5GGSLRBV4ZA , https://link.springer.com/content/pdf/10.1007/BF00379956.pdf",1.9,-67.3,Broadleaved,0.92,0.36,1.04,0.7,5200,6300,244.8,5200,47.84,22.68,2.54592,36.4,NA,NA,117,73.06592,11.44,61.62592,NA,NA,NA,NA,NA,NA,AM,100,26.22916603,3508,116,2.224400759,43.99303055,Woody,92026.53125,1,0.679412067,2.907852173,1.056555629,-0.192274436,116.5210037,19.27599907,388.724762,116.5139389,388.724762,116.5139389,0.679377797,58.31427234,61.62592,26.22916603,3508,117,2.224400759,4.399303055,92011.91444,1,Trop,27.69922071,11744.8,5652.173913,17500,235.3846154,160.7425185,100,5.936143398,5.503390312,11.43953371
Scrapping,"https://www.researchgate.net/profile/Carlos-Busso-4/publication/279693908_Production_and_nitrogen_cycling_in_an_ecosystem_of_Eragrostis_curvula_in_semiarid_Argentina_I_Plant_biomass_and_productivity/links/5bd3a1aca6fdcc3a8da92228/Production-and-nitrogen-cycling-in-an-ecosystem-of-Eragrostis-curvula-in-semiarid-Argentina-I-Plant-biomass-and-productivity.pdf?_sg%5B0%5D=M9IgYG8TDphRP65qxLr4oHPGkqbX03l2d0nt5BrGO1anzlYK9uy2i7YkczPsK0LHJUzgpVjEnRK3wPIDOGRE6A.n0ReLEGLAA6lAw5nWVmRwUemQrb_G656Z2mMnRo0ncXzC3g3YYrS5yZS9Bbe_43MseUAadHzT7-K2o7txDBUyw&_sg%5B1%5D=L2PRm7VSMfYWxTtAMIJ7_3VcLpVLz1o7PXQ93c_BUenuMt9kB0JfkvNEw7OkKGYxuEQm8xZrYXJXa4aaPhzqijKY6fKk66Nuw87u0j_iESqh.n0ReLEGLAA6lAw5nWVmRwUemQrb_G656Z2mMnRo0ncXzC3g3YYrS5yZS9Bbe_43MseUAadHzT7-K2o7txDBUyw&_iepl= , https://www.researchgate.net/profile/Carlos-Busso-4/publication/279566423_Production_and_nitrogen_cycling_in_an_ecosytem_of_Eragrostis_curvula_in_semiarid_Argentina_II_Nitrogen_content_and_transfers/links/5bd3a1ab4585150b2b8a1b1b/Production-and-nitrogen-cycling-in-an-ecosytem-of-Eragrostis-curvula-in-semiarid-Argentina-II-Nitrogen-content-and-transfers.pdf?_sg%5B0%5D=yICE0keQLOiLdomQ5tekPg0bmyCaazYG77ar13bwrEFbmHAZp2oGeYsQ96sV3YAvVBrN-1CvN0ifKgg8K_hJDA.uyZuTruig0-ApNKotE_ehAJLAIHNpsXmEjjuAy8D2sn03BlzsAeGXwR4HtdVRiDztSTeD_LK5VwhvypLKVdPKg&_sg%5B1%5D=d5BBVpzqcvL7gxgMwqZ27uzaDNVNVntjekO-Q1o5ZtydVPeDCcfGAWfnMEdmEqtZpLyqePXbsmuk2ahEYGsstVSzUTl9n64Ar4rkXRW0poQP.uyZuTruig0-ApNKotE_ehAJLAIHNpsXmEjjuAy8D2sn03BlzsAeGXwR4HtdVRiDztSTeD_LK5VwhvypLKVdPKg&_iepl= ",-38.783,-62.633,Grassland,NA,NA,NA,NA,6908,NA,13226,6908,NA,NA,NA,NA,NA,601,10,215.8,NA,NA,NA,NA,NA,NA,NA,NA,NM/AM,50,15.32916641,575,14,0.970412791,75.88529968,Non-woody,8807.083008,0.40187481,0.3185274,2.446195602,0.912982106,-0.08305423,101.3499985,16.25909996,176.9865112,119.9912643,176.9865112,119.9912643,0.318552529,160.4653994,160.4653994,15.32916641,601,10,0.970412791,7.588529968,9212.829014,8,Temp,NA,20134,NA,NA,NA,NA,50,4.449394226,2.57565999,7.025054216
Scrapping,https://doi.org/10.1080/11263504.2012.661798,38.533,-8.016,Broadleaved,NA,NA,NA,NA,NA,NA,NA,NA,48.1,30.6,35.7,22.5,15.4,665,240,114.4,25.6,88.8,NA,NA,NA,NA,NA,NA,ECM,0,16.03333282,625,228,1.591740131,59.25496292,Woody,10020.83301,0,0.460050017,2.834638596,1.525347471,NA,100.0449982,15.17669964,222.7556152,137.8734894,222.7556152,137.8734894,0.460681409,87.89601525,88.8,15.4,665,240,1.591740131,5.925496292,10241,12,Temp,2.204481793,NA,NA,NA,NA,NA,0,8.914968491,12.53294849,21.44791698
Scrapping,https://doi.org/10.1080/11263504.2012.661798,38.533,-8.016,Broadleaved,NA,NA,NA,NA,NA,NA,NA,NA,100,41.6,45.7,17.7,15.4,665,240,187.3,82.3,105,NA,NA,NA,NA,NA,NA,ECM,0,16.03333282,625,228,1.591740131,59.25496292,Woody,10020.83301,0,0.460050017,2.834638596,1.525347471,NA,100.0449982,15.17669964,222.7556152,137.8734894,222.7556152,137.8734894,0.460681409,140.068679,105,15.4,665,240,1.591740131,5.925496292,10241,12,Temp,3.098468271,NA,NA,NA,NA,NA,0,8.914968491,12.53294849,21.44791698
Scrapping,10.1007/s10021-009-9255-3,68.35,18.816,Broadleaved,1.1,0.82,0.62,0.86,1170,640,320,1170,12.87,5.248,1.984,10.062,-12,304,NA,20.102,2.808,17.294,NA,NA,NA,NA,NA,NA,ERM,0,-0.887499988,340,421,2.208060265,57.56122208,Woody,-300.3333435,0,0.819972813,3.644318581,1.848009944,0.314647287,195.3619995,15.95199966,764.5827026,71.59075165,764.5827026,71.59075165,0.821055756,20.40935066,17.294,-12,304,421,2.208060265,5.756122208,-3648,11,Bor,9.132056452,2130,1063.636364,780.4878049,516.1290323,105.959606,0,2.986790657,3.813265324,6.800055981
Scrapping,10.1007/s10021-009-9255-3,68.35,18.816,Broadleaved,0.91,0.783,0.72,0.81,800,390,260,800,7.28,3.0537,1.872,6.48,-12,304,NA,12.2057,0.8,11.4057,NA,NA,NA,NA,NA,NA,ERM,0,-0.887499988,340,421,2.208060265,57.56122208,Woody,-300.3333435,0,0.819972813,3.644318581,1.848009944,0.314647287,195.3619995,15.95199966,764.5827026,71.59075165,764.5827026,71.59075165,0.821055756,14.7581709,11.4057,-12,304,421,2.208060265,5.756122208,-3648,11,Bor,5.520138889,1450,879.1208791,498.0842912,361.1111111,118.7969555,0,2.986790657,3.813265324,6.800055981
Scrapping,"https://doi.org/10.1002/jgrg.20109 , 10.1017/S0266467416000018,       https://doi.org/10.1111/nph.16672 , https://www.proquest.com/docview/304480440?pq-origsite=gscholar&fromopenview=true",4.2,114.03,Broadleaved,1.67,0.203,0.226,0.64,9860,7040,4970,9860,164.662,14.2912,11.2322,63.104,25.9,2630,NA,190.1854,101.558,88.6274,NA,NA,NA,NA,NA,NA,ECM/AM,50,26.60416603,3083,119,2.044163942,46.42197037,Woody,82033.49219,0.780637562,0.608978927,3.661821127,1.052506924,-0.38025257,143.9320068,44.3431015,367.7346802,110.4037628,367.7346802,110.4037628,0.608989386,142.1336859,88.6274,25.9,2630,119,2.044163942,4.642197037,68117,1,Trop,15.93215933,21870,5904.191617,34679.80296,21991.15044,114.9930541,50,2.610406876,3.403093576,6.013500452
Scrapping,"https://doi.org/10.1016/j.foreco.2009.07.019 , 10.5194/bg-8-2179-201 , 10.1016/j.agee.2008.10.023     ",-1.485,120.051,Broadleaved,1.809,0.36,1.248,NA,6350,5620,2090,6350,114.8715,20.232,26.0832,NA,20.8,3534,1050,161.1867,NA,NA,NA,869,NA,NA,NA,13,ECM/AM,50,21.45000076,1971,1129,1.673806429,50,Woody,42294.375,0.649363697,0.585352302,3.535005569,1.709033966,-0.38759768,156.0659943,22.54560089,383.1463318,101.87854,383.1463318,101.87854,0.585515834,121.3800587,121.3800587,20.8,3534,1050,13,5,73507.2,1,Trop,5.179713379,14060,3510.226645,15611.11111,1674.679487,87.22804053,50,2.83595252,2.242909193,5.078861713
Scrapping,"Ecosystems (1999) 2: 242–254 , https://doi.org/10.1890/0012-9658(2001)082[0485:EONAPA]2.0.CO;2",19.511875,-155.239792,Broadleaved,0.87,0.36,1.0247,0.252,3810,6720,1730,3810,33.147,24.192,17.72731,9.6012,NA,NA,1176,75.06631,23.5458,51.52051,NA,NA,NA,NA,0.1,16,AM,100,15.73333359,2558,1162,1.044059157,52.185009,Woody,40245.86719,0.968124092,0.824243546,2.980342388,1.118882895,-0.13120082,NA,NA,568.088501,96.72817993,0.1,96.72817993,0.000145092,59.74590025,51.52051,15.73333359,2558,1176,16,5.2185009,40245.86732,1,Trop,3.234500892,12260,4379.310345,18666.66667,1688.299014,163.322268,100,2.43958807,1.941269636,4.380857706
Scrapping,"Ecosystems (1999) 2: 242–254 , https://doi.org/10.1890/0012-9658(2001)082[0485:EONAPA]2.0.CO;3",19.89486,-155.311049,Broadleaved,1.42,0.36,0.8,0.3115,4300,5400,1690,4300,61.06,19.44,13.52,13.3945,NA,NA,1170,94.02,47.6655,46.3545,NA,NA,NA,NA,NA,21,AM,100,13.92083359,2142,1603,1.194319367,53.49579239,Woody,29809.5,0.671877682,0.774817884,3.297857046,1.319411516,-0.064015806,NA,NA,519.116394,99.53374481,519.116394,99.53374481,0.77504398,73.31057098,46.3545,13.92083359,2142,1170,21,5.349579239,29818.42554,1,Trop,5.954142012,11390,3028.169014,15000,2112.5,121.1444374,100,2.43958807,1.941269636,4.380857706
Scrapping,"Ecosystems (1999) 2: 242–254 , https://doi.org/10.1890/0012-9658(2001)082[0485:EONAPA]2.0.CO;4",22.13626,-159.64004,Broadleaved,0.86,0.36,0.826,0.4569,3050,4960,750,3050,26.23,17.856,6.195,13.93545,NA,NA,1134,50.281,12.29455,37.98645,NA,NA,NA,NA,0.53,21,AM,100,15.1916666,1245,1165,1.1470927,55,Woody,18903.25,0.675001144,0.851065993,NA,NA,-0.172490492,NA,NA,486.9650879,116.5444794,0.53,116.5444794,0.000926529,42.00768839,37.98645,15.1916666,1245,1134,21,5.5,18913.62492,1,Trop,7.116384181,8760,3546.511628,13777.77778,907.9903148,174.2208787,100,2.673318386,1.771061778,4.444380164
Scrapping,"Ecology, 66(4), 1985, pp. 1377-1390",43.0427,-89.42217,Broadleaved,NA,NA,NA,NA,NA,NA,NA,NA,44,20,79,31,NA,NA,NA,143,13,130,NA,1011,NA,NA,NA,NA,ECM,0,7.933333397,828,273,0.544307947,59.88279343,Woody,6568.800293,0,1.562459707,2.361010551,0.999992669,NA,75.65619659,7.640900135,769.5109253,135.4942322,769.5109253,135.4942322,1.56396438,108.3643031,130,7.933333397,828,273,0.544307947,5.988279343,6568.800053,4,Temp,0.810126582,NA,NA,NA,NA,NA,0,29.46283722,34.99248505,64.45532227
Scrapping,"Ecology, 66(4), 1985, pp. 1377-1391",43.0427,-89.42217,Broadleaved,NA,NA,NA,NA,NA,NA,NA,NA,43,28,62,30,NA,NA,NA,133,13,120,NA,1204,NA,NA,NA,NA,ECM,0,7.933333397,828,273,0.544307947,59.88279343,Woody,6568.800293,0,1.562459707,2.361010551,0.999992669,NA,75.65619659,7.640900135,769.5109253,135.4942322,769.5109253,135.4942322,1.56396438,101.2075591,120,7.933333397,828,273,0.544307947,5.988279343,6568.800053,4,Temp,1.14516129,NA,NA,NA,NA,NA,0,29.46283722,34.99248505,64.45532227
Scrapping,"Ecology, 66(4), 1985, pp. 1377-1392",43.0427,-89.42217,Broadleaved,NA,NA,NA,NA,NA,NA,NA,NA,39,21,47,26,NA,NA,NA,107,13,94,NA,986,NA,NA,NA,NA,ECM,0,7.933333397,828,273,0.544307947,59.88279343,Woody,6568.800293,0,1.562459707,2.361010551,0.999992669,NA,75.65619659,7.640900135,769.5109253,135.4942322,769.5109253,135.4942322,1.56396438,82.60002469,94,7.933333397,828,273,0.544307947,5.988279343,6568.800053,4,Temp,1.276595745,NA,NA,NA,NA,NA,0,29.46283722,34.99248505,64.45532227
Scrapping,"Ecology, 66(4), 1985, pp. 1377-1393",43.0427,-89.42217,Broadleaved,NA,NA,NA,NA,NA,NA,NA,NA,36,19,47,23,NA,NA,NA,102,13,89,NA,1063,NA,NA,NA,NA,AM,100,7.933333397,828,273,0.544307947,59.88279343,Woody,6568.800293,0,1.562459707,2.361010551,0.999992669,NA,75.65619659,7.640900135,769.5109253,135.4942322,769.5109253,135.4942322,1.56396438,79.02165269,89,7.933333397,828,273,0.544307947,5.988279343,6568.800053,4,Temp,1.170212766,NA,NA,NA,NA,NA,100,29.46283722,34.99248505,64.45532227
Scrapping,"Ecology, 66(4), 1985, pp. 1377-1394",43.0427,-89.42217,Broadleaved,NA,NA,NA,NA,NA,NA,NA,NA,38,11,43,25,NA,NA,NA,92,13,79,NA,2211,NA,NA,NA,NA,ECM,0,7.933333397,828,273,0.544307947,59.88279343,Woody,6568.800293,0,1.562459707,2.361010551,0.999992669,NA,75.65619659,7.640900135,769.5109253,135.4942322,769.5109253,135.4942322,1.56396438,71.86490869,79,7.933333397,828,273,0.544307947,5.988279343,6568.800053,4,Temp,1.139534884,NA,NA,NA,NA,NA,0,29.46283722,34.99248505,64.45532227
Scrapping,"Ecology, 66(4), 1985, pp. 1377-1395",43.0427,-89.42217,Coniferous,NA,NA,NA,NA,NA,NA,NA,NA,29,9,41,21,NA,NA,NA,79,8,71,NA,1194,NA,NA,NA,NA,ECM,0,7.933333397,828,273,0.544307947,59.88279343,Woody,6568.800293,0,1.562459707,2.361010551,0.999992669,NA,75.65619659,7.640900135,769.5109253,135.4942322,769.5109253,135.4942322,1.56396438,62.56114149,71,7.933333397,828,273,0.544307947,5.988279343,6568.800053,4,Temp,0.926829268,NA,NA,NA,NA,NA,0,29.46283722,34.99248505,64.45532227
Scrapping,"Ecology, 66(4), 1985, pp. 1377-1396",43.0427,-89.42217,Coniferous,NA,NA,NA,NA,NA,NA,NA,NA,24,9,36,16,NA,NA,NA,69,8,61,NA,809,NA,NA,NA,NA,ECM,0,7.933333397,828,273,0.544307947,59.88279343,Woody,6568.800293,0,1.562459707,2.361010551,0.999992669,NA,75.65619659,7.640900135,769.5109253,135.4942322,769.5109253,135.4942322,1.56396438,55.40439748,61,7.933333397,828,273,0.544307947,5.988279343,6568.800053,4,Temp,0.916666667,NA,NA,NA,NA,NA,0,29.46283722,34.99248505,64.45532227
Scrapping,"Ecology, 66(4), 1985, pp. 1377-1397",43.0427,-89.42217,Coniferous,NA,NA,NA,NA,NA,NA,NA,NA,36,8,22,28,NA,NA,NA,66,8,58,NA,2124,NA,NA,NA,NA,ECM,0,7.933333397,828,273,0.544307947,59.88279343,Woody,6568.800293,0,1.562459707,2.361010551,0.999992669,NA,75.65619659,7.640900135,769.5109253,135.4942322,769.5109253,135.4942322,1.56396438,53.25737428,58,7.933333397,828,273,0.544307947,5.988279343,6568.800053,4,Temp,2,NA,NA,NA,NA,NA,0,29.46283722,34.99248505,64.45532227
Scrapping,"Ecology, 66(4), 1985, pp. 1377-1398",43.0427,-89.42217,Coniferous,NA,NA,NA,NA,NA,NA,NA,NA,20,7,20,12,NA,NA,NA,47,8,39,NA,1504,NA,NA,NA,NA,ECM,0,7.933333397,828,273,0.544307947,59.88279343,Woody,6568.800293,0,1.562459707,2.361010551,0.999992669,NA,75.65619659,7.640900135,769.5109253,135.4942322,769.5109253,135.4942322,1.56396438,39.65956068,39,7.933333397,828,273,0.544307947,5.988279343,6568.800053,4,Temp,1.35,NA,NA,NA,NA,NA,0,29.46283722,34.99248505,64.45532227
Scrapping,"https://doi.org/10.1038/nature02850 , https://doi.org/10.1007/s11104-008-9579-3 , https://doi.org/10.1016/j.scitotenv.2022.156374 , https://doi.org/10.1016/j.agee.2009.03.002 , ",43.6333,116.7,Grassland,2.25,NA,1.69,1.756,1800,NA,1930,1800,40.5,NA,32.617,3.1608,0.7,343,1200,73.117,37.3392,35.7778,NA,NA,NA,NA,0.21,10,AM,100,1.700000048,318,1183,0.640076816,80,Non-woody,535.3000488,0.199377656,0.577908039,2.572209358,1.006663442,-0.008190906,154.348999,14.7038002,285.2824402,135.0541687,0.21,135.0541687,0.000425421,58.35082899,35.7778,0.7,343,1200,10,8,240.1,8,Temp,1.241683785,3730,800,NA,1142.011834,51.01412804,100,8.041298866,4.067857742,12.10915661
Scrapping,10.1007/s100210000063,32.466,-84.016,Broadleaved,NA,0.36,0.98,5.63,5884,9198,1326,5884,67.61,33.1128,12.9948,33.13,NA,NA,NA,113.7176,34.48,79.2376,NA,NA,6.8,4.67,0.283,14.09,ECM/AM,50,17.97083282,1173,97,1.653183937,52.83655167,Woody,21084.67578,0,0.428504437,3.023125172,1.355295897,-0.298019558,31.67539978,6.846620083,195.6985779,145.9772339,0.283,145.9772339,0.000619673,87.40763904,79.2376,17.97083282,1173,97,14.09,4.67,21079.7869,4,Temp,7.751008096,16408,NA,25550,1353.061224,144.2872519,50,41.24515533,63.44582367,104.690979
Scrapping,Below-ground and above-ground production of vegetational organic matter along a climosequence in alpine grasslands,46.77719,9.97533,Grassland,1.72,NA,1.24,NA,484.1,NA,2161.290323,484.1,8.32652,NA,26.8,1.4,-2.2,1800,2525,35.12652,6.92652,28.2,NA,NA,NA,3.46,NA,NA,NM/AM,50,-2.254166603,1268,2528,1.065991759,57.36073685,Non-woody,-2863.566895,1,1.147644281,3.231325626,1.334984541,0.171196148,322.9339905,54.81290054,729.3671265,104.8923035,729.3671265,104.8923035,1.14757497,31.162015,28.2,-2.2,1800,2525,1.065991759,3.46,-3960,5,Temp,0.310691045,2645.390323,281.4534884,NA,1742.976067,75.31034452,50,16.17985535,27.11144638,43.29130173
Scrapping,Below-ground and above-ground production of vegetational organic matter along a climosequence in alpine grasslands,46.79147,9.97692,Grassland,1.73,NA,1.24,NA,885.6,NA,2427.419355,885.6,15.32088,NA,30.1,9.958,-0.7,1800,2240,45.42088,5.36288,40.058,NA,NA,NA,3.95,NA,NA,NM/AM,50,-1.395833373,1224,2383,1.046119809,58.09078598,Non-woody,-1723.799927,1,1.222870111,3.23533082,1.336500883,0.186211064,322.9339905,54.81290054,790.6512451,103.1661987,790.6512451,103.1661987,1.223527252,38.52942492,40.058,-0.7,1800,2240,1.046119809,3.95,-1260,5,Temp,0.508999336,3313.019355,511.9075145,NA,1957.596254,72.94044842,50,16.17985535,27.11144638,43.29130173
Scrapping,Below-ground and above-ground production of vegetational organic matter along a climosequence in alpine grasslands,46.81831,9.97766,Grassland,1.74,NA,1.24,NA,935.6,NA,3862.903226,935.6,16.27944,NA,47.9,10.25,1.1,1800,1895,64.17944,6.02944,58.15,NA,NA,NA,3.53,NA,NA,NM/AM,50,0.991666675,1066,1978,0.941939831,51.44498062,Non-woody,1057.116577,1,1.112093806,3.251351118,1.34256649,0.166491941,322.9339905,54.81290054,747.4911499,99.35467529,747.4911499,99.35467529,1.114001107,51.9544461,58.15,1.1,1800,1895,0.941939831,3.53,1980,5,Temp,0.339863048,4798.503226,537.7011494,NA,3115.244537,74.76698497,50,16.17985535,27.11144638,43.29130173
Scrapping,Below-ground and above-ground production of vegetational organic matter along a climosequence in alpine grasslands,46.82676,9.97203,Grassland,1.74,NA,1.24,NA,1194.7,NA,4024.193548,1194.7,20.78778,NA,49.9,9.77,1.4,1800,1835,70.68778,11.01778,59.67,NA,NA,NA,3.55,NA,NA,NM/AM,50,1.729166627,1020,1842,0.912669241,52.47579575,Non-woody,1759.5,1,1.112694383,3.258299351,1.34654367,0.172603548,322.9339905,54.81290054,735.9980469,100.9606552,735.9980469,100.9606552,1.114602676,56.61229842,59.67,1.4,1800,1835,0.912669241,3.55,2520,5,Temp,0.416588778,5218.893548,686.6091954,NA,3245.317377,73.83020867,50,16.17985535,27.11144638,43.29130173
Scrapping,Below-ground and above-ground production of vegetational organic matter along a climosequence in alpine grasslands,46.83607,9.96617,Grassland,1.73,NA,1.24,NA,1462.6,NA,3096.774194,1462.6,25.30298,NA,38.4,16.19,2.3,1800,1665,63.70298,9.11298,54.59,NA,NA,NA,3.53,NA,NA,NM/AM,50,2.979166746,979,1599,1.047275305,55.1111412,Non-woody,2912.524902,1,1.007166266,3.26529479,1.350054264,0.156289026,322.9339905,54.81290054,669.7866821,100.3668137,669.7866821,100.3668137,1.008365327,51.61345587,54.59,2.3,1800,1665,1.047275305,3.53,4140,5,Temp,0.658931771,4559.374194,845.433526,NA,2497.398544,71.57238475,50,16.17985535,27.11144638,43.29130173
Scrapping,https://doi.org/10.1007/s00442-021-04860-8,-3.1293,37.3637,Broadleaved,1.319,0.36,0.69,1.28,9,860,4350,9,0.11871,3.096,30.015,0.1152,6,1051,3700,33.22971,0.00351,33.2262,NA,2091,NA,4.45,NA,19.6,ERM,0,5.887499809,1543,3834,1.45463419,55.61714172,Woody,9065.125,0.275005192,0.666961372,3.176472187,1.337110639,0.179784089,342.894989,53.23590088,430.7605591,103.2286453,430.7605591,103.2286453,0.667002435,29.80451664,33.2262,6,1051,3700,19.6,4.45,6306,10,Trop,0.107103448,5219,6.823351024,2388.888889,6304.347826,157.058247,0,12.72206974,11.9139843,24.63605404
Scrapping,https://doi.org/10.1007/s00442-021-04860-8,-3.1491,37.3425,Broadleaved,1.7,0.36,1.54,1.184,3180,3020,4420,3180,54.06,10.872,68.068,37.6512,9.3,1545,2900,133,16.4088,116.5912,NA,523,NA,3.83,NA,18.6,AM,100,9.691666603,1390,3032,1.251072526,55.30743408,Woody,13471.41699,0.375005186,0.633769691,3.169267893,1.3392061,0.153283626,342.894989,53.23590088,381.8363647,110.6767044,381.8363647,110.6767044,0.633905857,101.2075591,116.5912,9.3,1545,2900,18.6,3.83,14368.5,10,Trop,0.953928425,10620,1870.588235,8388.888889,2870.12987,79.84962406,100,12.72206974,11.9139843,24.63605404
Scrapping,https://doi.org/10.1007/s00442-021-04860-8,-3.1699,37.3388,Broadleaved,2.358,0.36,1.7,1.237,3240,3820,4830,3240,76.3992,13.752,82.11,40.0788,11.3,1995,2500,172.2612,36.3204,135.9408,NA,311,NA,3.49,NA,19.3,AM,100,13.50833321,1276,2320,1.210274339,55.67341232,Woody,17226,0.525005162,0.670316696,3.180251837,1.350934744,0.041578136,342.894989,53.23590088,402.8167114,110.9654312,402.8167114,110.9654312,0.670480951,129.3057949,135.9408,11.3,1995,2500,19.3,3.49,22543.5,1,Trop,1.097932042,11890,1374.045802,10611.11111,2841.176471,69.02308819,100,12.72206974,11.9139843,24.63605404
Scrapping,https://doi.org/10.1007/s00442-021-04860-8,-3.19038,37.3278,Broadleaved,2.6,0.36,1.65,1.387,6140,3990,5730,6140,159.64,14.364,94.545,85.1618,14.7,2227,1900,268.549,74.4782,194.0708,NA,397,NA,4.23,NA,15.9,AM,100,15.5666666,1330,2011,1.676941037,57,Woody,20736.91797,0.625005186,0.5901016,3.176038027,1.354798317,-0.023919053,342.894989,53.23590088,367.6384583,106.9761047,367.6384583,106.9761047,0.589927953,198.2165084,194.0708,14.7,2227,1900,15.9,4.23,32736.9,1,Trop,1.840435771,15860,2361.538462,11083.33333,3472.727273,59.05812347,100,12.72206974,11.9139843,24.63605404
Scrapping,10.1111/j.1365-2486.2010.02367.x,-4.115,-78.967222,Broadleaved,3.361,0.36,2.155,1.74,5050,2820,2450,5050,169.7305,10.152,52.7975,87.87,19.4,2230,1050,232.68,81.8605,150.8195,NA,968,NA,3.94,NA,22,AM,100,21.77916718,1267,1300,1.623671651,54.58125687,Woody,27610.04102,1,0.852437139,3.468727827,1.537243843,-0.265535623,207.496994,27.58539963,527.7681885,107.6819992,527.7681885,107.6819992,0.852467005,172.5459833,150.8195,19.4,2230,1050,22,3.94,43262,1,Trop,3.407026848,10320,1502.529009,7833.333333,1136.890951,44.35275915,100,5.013934135,3.987796545,9.00173068
Scrapping,10.1111/j.1365-2486.2010.02367.x,-4.111667,-78.967222,Broadleaved,3.632,0.36,1.72,1.04,5060,1580,3950,5060,183.7792,5.688,67.94,52.624,17.5,2300,1540,257.4072,131.1552,126.252,NA,2222,NA,3.9,NA,29,AM,100,21.77916718,1267,1300,1.623671651,54.58125687,Woody,27610.04102,1,0.852437139,3.468727827,1.537243843,-0.265535623,207.496994,27.58539963,527.7681885,107.6819992,527.7681885,107.6819992,0.852467005,190.2426073,126.252,17.5,2300,1540,29,3.9,40250,1,Trop,2.788743009,10590,1393.171806,4388.888889,2296.511628,41.14104034,100,5.013934135,3.987796545,9.00173068
Scrapping,10.1111/j.1365-2486.2010.02367.x,-3.976389,-79.081944,Broadleaved,3.5,0.36,1.15,1.04,4960,870,3200,4960,173.6,3.132,36.8,51.584,15.7,1950,1890,213.532,122.016,91.516,NA,2333,NA,3.52,NA,28,AM,100,16.86666679,827,2035,1.623457432,54.8613739,Woody,13948.7334,1,0.997463405,3.4787395,1.595060587,-0.177928463,199.3730011,27.47190094,612.7827148,108.7975311,612.7827148,108.7975311,1.000038697,158.8422499,91.516,15.7,1950,1890,28,3.52,30615,1,Trop,4.8025,9030,1417.142857,2416.666667,2782.608696,42.28874361,100,4.053222179,6.520166874,10.57338905
Scrapping,10.1111/j.1365-2486.2010.02367.x,-3.988611,-79.081944,Broadleaved,3.5,0.36,0.91,0.83,2640,220,3950,2640,92.4,0.792,35.945,21.912,13.2,5000,2380,129.137,70.488,58.649,NA,2753,NA,3.26,NA,46,AM,100,15.80416679,985,2214,1.545084357,56.14374542,Woody,15579.41699,1,0.980469525,3.482065201,1.595263124,-0.166673124,199.3730011,27.47190094,588.1322021,111.2623596,588.1322021,111.2623596,0.981554649,98.44290889,58.649,13.2,5000,2380,46,3.26,66000,1,Trop,2.592627626,6810,754.2857143,611.1111111,4340.659341,52.73469261,100,4.053222179,6.520166874,10.57338905
Scrapping,10.1111/j.1365-2486.2010.02367.x,-4.116389,-79.182778,Broadleaved,3.5,0.36,0.55,0.807,1790,140,10290,1790,62.65,0.504,56.595,14.4453,9.4,4500,3060,119.749,48.2047,71.5443,NA,8317,NA,2.86,NA,63,AM,100,13.1291666,1119,2821,1.559280038,54,Woody,14677.5498,1,0.691014349,3.155734539,1.448198915,-0.015110782,207.496994,27.58539963,432.9989319,106.3880844,432.9989319,106.3880844,0.690988904,91.72415762,71.5443,9.4,4500,3060,63,2.86,42300,1,Trop,1.11589363,12220,511.4285714,388.8888889,18709.09091,102.0467812,100,5.013934135,3.987796545,9.00173068
Scrapping,https://doi.org/10.1016/S0378-1127(00)00319-4,59.75,17.666667,Broadleaved,3.96,0.57,1.261,2.442,1828.3,5721.5,4806.6,1828.3,72.40068,32.61255,60.611226,44.647086,5.8,544,NA,165.624456,27.753594,137.870862,NA,NA,NA,NA,NA,NA,ECM/AM,50,5.654166698,558,46,1.119148731,48.32579041,Woody,3157.350098,0,1.158098698,3.170094013,1.420266509,-0.063009307,151.5500031,19.35619926,753.5014038,102.6130524,753.5014038,102.6130524,1.159786185,124.5560471,137.870862,5.8,544,46,1.119148731,4.832579041,3155.2,4,Temp,1.73257063,12356.4,461.6919192,10037.7193,3811.736717,74.60492429,50,10.02731609,16.95696068,26.98427677
Scrapping,Production and nitrogen cycling in an ecosystem of Eragrostis curvula in semiarid Argentina. I. Plant biomass and productivity Production and nitrogen cycling in an ecosytem of Eragrostis curvula in semiarid Argentina. II. Nitrogen content and transfers,-38.783,-62.633,Grassland,0.67,NA,1.838,0.4236,6620.91,NA,5713.508,6620.91,44.360097,NA,105.014277,28.04617476,15.4,601,10,149.374374,16.31392224,133.0604518,10,NA,NA,NA,NA,NA,NM/AM,50,15.32916641,575,14,0.970412791,75.88529968,Non-woody,8807.083008,0.40187481,0.3185274,2.446195602,0.912982106,-0.08305423,101.3499985,16.25909996,176.9865112,119.9912643,176.9865112,119.9912643,0.318552529,112.9262794,133.0604518,15.4,601,10,0.970412791,7.588529968,9255.4,8,Temp,0.422419677,12334.418,9881.955224,NA,3108.546246,82.57385567,50,4.449394226,2.57565999,7.025054216
Scrapping,https://doi.org/10.1139/x92-041,40.27,-105.64,Coniferous,1.045,0.125,0.5,0.515,1700,871,1510,1700,17.765,1.08875,7.55,8.755,1.5,1000,3500,26.40375,9.01,17.39375,350,NA,NA,NA,NA,NA,ECM,0,-0.008333272,638,3239,1.692545652,55.67970276,Woody,-5.07037E-05,0.631254077,0.710517466,3.381083727,1.481099963,0.040063448,378.9179993,21.43770027,430.28479,110.0511017,430.28479,110.0511017,0.710299728,24.91935181,17.39375,1.5,1000,3500,1.692545652,5.567970276,1500,5,Temp,2.49718543,4081,1626.794258,6968,3020,154.5613786,0,17.7940731,11.43257809,29.22665119
Scrapping,https://doi.org/10.1016/S0378-1127(01)00648-X,62.783,30.966,Coniferous,NA,0.17372078,NA,NA,579,1427,1761,579,6.49,3.43,9.19,NA,1.9,649,145,19.11,NA,NA,15,7425,NA,NA,NA,NA,ECM,0,2.195833445,658,140,2.086202383,48.19194031,Woody,1447.599976,0,1.154220462,3.951204062,2.856826544,0.151019588,497.1669922,71.96980286,859.5047607,89.52014923,859.5047607,89.52014923,1.154144917,19.69940166,19.69940166,1.9,649,145,2.086202383,4.819194031,1233.1,6,Bor,1.079434168,3767,NA,8214.331066,NA,197.1219257,0,6.522871971,9.70091629,16.22378826
Scrapping,https://doi.org/10.1016/S0378-1127(01)00648-X,62.783,30.966,Coniferous,NA,0.17372078,NA,NA,1600,3237,8201,1600,17.76,5.13,43.03,NA,1.9,649,145,65.92,NA,NA,35,2660,NA,NA,NA,NA,ECM,0,2.195833445,658,140,2.086202383,48.19194031,Woody,1447.599976,0,1.154220462,3.951204062,2.856826544,0.151019588,497.1669922,71.96980286,859.5047607,89.52014923,859.5047607,89.52014923,1.154144917,53.20012033,53.20012033,1.9,649,145,2.086202383,4.819194031,1233.1,6,Bor,0.53195445,13038,NA,18633.34945,NA,197.7851942,0,6.522871971,9.70091629,16.22378826
Scrapping,https://doi.org/10.1016/S0378-1127(01)00648-X,62.783,30.966,Coniferous,NA,0.17372078,NA,NA,1924,2203,9808,1924,20.08,1.45,49.13,NA,1.9,649,145,70.66,NA,NA,100,432,NA,NA,NA,NA,ECM,0,2.195833445,658,140,2.086202383,48.19194031,Woody,1447.599976,0,1.154220462,3.951204062,2.856826544,0.151019588,497.1669922,71.96980286,859.5047607,89.52014923,859.5047607,89.52014923,1.154144917,56.59241699,56.59241699,1.9,649,145,2.086202383,4.819194031,1233.1,6,Bor,0.438225117,13935,NA,12681.26933,NA,197.2120011,0,6.522871971,9.70091629,16.22378826
Scrapping,https://doi.org/10.1016/j.foreco.2017.04.004,58.09,26.87,Broadleaved,3.37,0.53,0.9,3.143,2030,4394,1034,2030,68.411,23.2882,9.306,63.8029,NA,NA,NA,101.0052,4.6081,96.3971,7,18750,NA,NA,NA,14.1,ECM,0,5.341666698,626,97,0.934157073,51.37223053,Woody,3349.099854,0,1.064954996,2.990680456,1.385425925,0.134138227,121.7979965,14.49400043,826.7056274,85.94382477,826.7056274,85.94382477,1.065753654,78.3096998,96.3971,5.341666698,626,97,14.1,5.137223053,3343.883353,4,Temp,9.85377176,7458,602.3738872,8290.566038,1148.888889,73.83778261,0,10.03587818,17.27805138,27.31392956
Scrapping,https://doi.org/10.1016/j.foreco.2017.04.004,58.41,26.54,Broadleaved,3.37,0.53,0.9,3.143,3247,4952,964,3247,109.4239,26.2456,8.676,102.05321,NA,NA,NA,144.3455,7.37069,136.97481,17,4630,NA,NA,NA,13,ECM,0,5.454166889,619,42,1.223458648,57.99049377,Woody,3378.708496,0.268113315,1.089957237,3.281731844,1.64269793,0.121437371,166.6820068,28.9810009,846.2081909,85.93321991,846.2081909,85.93321991,1.090760918,109.327243,136.97481,5.454166889,619,42,13,5.799049377,3376.129304,4,Temp,15.63733287,9163,963.5014837,9343.396226,1071.111111,63.4796374,0,9.161522865,15.97464657,25.13616943
Scrapping,https://doi.org/10.1016/j.foreco.2017.04.004,58.35,27.18,Broadleaved,3.37,0.53,0.9,3.143,4220,3944,770,4220,142.214,20.9032,6.93,132.6346,NA,NA,NA,170.0472,9.5794,160.4678,21,3280,NA,NA,NA,14,ECM,0,5.349999905,604,32,1.382195711,59.57908249,Woody,3236.433105,0,1.074935436,3.204979658,1.556578636,0.068757206,NA,NA,781.4338379,91.70188141,781.4338379,91.70188141,1.074884297,127.7212917,160.4678,5.349999905,604,32,14,5.957908249,3231.399942,4,Temp,23.5378355,8934,1252.225519,7441.509434,855.5555556,52.53835406,0,9.161522865,15.97464657,25.13616943
Scrapping,https://doi.org/10.1016/j.foreco.2017.04.004,58.33,27.31,Broadleaved,3.37,0.53,0.9,3.143,4330,6258,1220,4330,145.921,33.1674,10.98,136.0919,NA,NA,NA,190.0684,9.8291,180.2393,32,1528,NA,NA,NA,11.9,ECM,0,5.383333206,607,44,1.28794384,54.8674736,Woody,3257.56665,0,1.122539401,3.165124655,1.463490605,0.079651192,102.7919998,28.30739975,873.0583496,85.7246933,873.0583496,85.7246933,1.122639889,142.049952,180.2393,5.383333206,607,44,11.9,5.48674736,3267.683256,4,Temp,16.31041894,11808,1284.866469,11807.54717,1355.555556,62.12500342,0,10.03587818,17.27805138,27.31392956
Scrapping,https://doi.org/10.1016/j.foreco.2017.04.004,58.09,26.97,Broadleaved,3.37,0.53,0.9,3.143,3790,5996,1168,3790,127.723,31.7788,10.512,119.1197,NA,NA,NA,170.0138,8.6033,161.4105,38,2734,NA,NA,NA,13.3,ECM,0,5.420833588,624,80,0.92341423,53.66425705,Woody,3390.400146,0,1.038469911,3.02797699,1.410681248,0.131539717,102.7919998,28.30739975,798.1114502,86.75139618,798.1114502,86.75139618,1.038559239,127.6973882,161.4105,5.420833588,624,80,13.3,5.366425705,3382.600159,4,Temp,15.1733067,10954,1124.62908,11313.20755,1297.777778,64.43006391,0,10.03587818,17.27805138,27.31392956
Scrapping,"https://doi.org/10.1002/ecy.2691 , https://link.springer.com/article/10.1007/s11104-006-9168-2#Tab4 ",10.71,-85.59,Broadleaved,2.61,0.33,1.67,1.65,6200,8500,1720,6200,161.82,28.05,28.724,102.3,25.8,1575,NA,218.594,59.52,159.074,NA,NA,NA,NA,NA,12.4,AM,100,26.79999924,1658,153,1.006964564,62.27519226,Woody,44434.39844,1,0.475221366,3.604355097,0.88333559,NA,367.1440125,52.02510071,264.1576843,120.9910126,264.1576843,120.9910126,0.479410586,162.4649937,159.074,25.8,1575,153,12.4,6.227519226,40635,2,Trop,6.610151789,16420,2375.478927,25757.57576,1029.94012,75.11642589,100,4.562544346,4.23290062,8.795444965
Scrapping,https://doi.org/10.1007/s11104-011-0946-0,33.38,-81.66,Broadleaved,2.7175,0.815,1.04,1.335,2052,1748,3600,2052,55.7631,14.2462,37.44,27.3942,17.9,NA,NA,107.4493,28.3689,79.0804,4,NA,1.5,4.9,NA,NA,ECM/AM,50,17.29166603,1190,114,1.856311679,49.27651215,Woody,20577.08203,0.36811927,0.385229528,3.352968693,1.494712949,-0.165262252,48.1637001,10.03050041,175.7483521,146.1223145,175.7483521,146.1223145,0.385211339,82.9215772,79.0804,17.9,1190,114,1.856311679,4.9,21301,5,Temp,1.869906517,7400,755.1057958,2144.785276,3461.538462,68.86969017,50,36.77143478,59.86537933,96.63681412
Scrapping,https://doi.org/10.1007/s11104-011-0946-0,33.38,-81.66,Broadleaved,2.36,0.39,0.79,1.01,3145,4255,5700,3145,74.222,16.5945,45.03,31.7645,17.9,NA,NA,135.8465,42.4575,93.389,4,NA,1.5,4.9,NA,NA,AM,100,17.29166603,1190,114,1.856311679,49.27651215,Woody,20577.08203,0.36811927,0.385229528,3.352968693,1.494712949,-0.165262252,48.1637001,10.03050041,175.7483521,146.1223145,175.7483521,146.1223145,0.385211339,103.2447263,93.389,17.9,1190,114,1.856311679,4.9,21301,5,Temp,2.016799911,13100,1332.627119,10910.25641,7215.189873,96.43237036,100,36.77143478,59.86537933,96.63681412
Scrapping,https://doi.org/10.1007/s11104-011-0946-0,33.38,-81.66,Broadleaved,1.66,0.47,0.805,0.67,3515,5985,8800,3515,58.349,28.1295,70.84,23.5505,17.9,NA,NA,157.3185,34.7985,122.52,4,NA,1.5,4.9,NA,NA,AM,100,17.29166603,1190,114,1.856311679,49.27651215,Woody,20577.08203,0.36811927,0.385229528,3.352968693,1.494712949,-0.165262252,48.1637001,10.03050041,175.7483521,146.1223145,175.7483521,146.1223145,0.385211339,118.611687,122.52,17.9,1190,114,1.856311679,4.9,21301,5,Temp,1.220758046,18300,2117.46988,12734.04255,10931.67702,116.3245264,100,36.77143478,59.86537933,96.63681412
Scrapping,https://doi.org/10.1007/s11104-011-0946-0,33.38,-81.66,Coniferous,1.5,0.815,0.737,0.545,6512,11088,7100,6512,97.68,90.3672,52.327,35.4904,17.9,NA,NA,240.3742,62.1896,178.1846,4,NA,1.5,4.9,NA,NA,ECM,0,17.29166603,1190,114,1.856311679,49.27651215,Woody,20577.08203,0.36811927,0.385229528,3.352968693,1.494712949,-0.165262252,48.1637001,10.03050041,175.7483521,146.1223145,175.7483521,146.1223145,0.385211339,178.0525253,178.1846,17.9,1190,114,1.856311679,4.9,21301,5,Temp,3.593693504,24700,4341.333333,13604.90798,9633.649932,102.7564522,0,36.77143478,59.86537933,96.63681412
Scrapping,"https://doi.org/10.5194/bg-4-891-2007 , https://doi.org/10.1007/s00442-011-2111-0",31.333,35.05,Coniferous,0.96,0.18,1.09,0.49,1551.020408,1760.383101,5137.614679,1551.020408,14.88979592,3.168689581,56,7.6,NA,270,650,74.0584855,7.289795918,66.76868958,35,300,NA,8.34,NA,NA,ECM,0,17.57083321,282,626,1.093878388,78,Woody,4958.5,0,0.301974446,2.188030481,1.294353843,-0.181092054,103.0569992,11.88070011,135.3223877,148.7579193,135.3223877,148.7579193,0.301954152,59.02462606,66.76868958,17.57083321,270,650,1.093878388,8.34,4744.124966,13,Temp,0.322472955,8449.018188,1615.646258,9779.906117,4713.407962,114.0857544,0,2.427714586,1.996714592,4.424429178
Scrapping,"https://doi.org/10.1007/s10021-008-9126-3 , https://doi.org/10.1890/0012-9658(1997)078[1844:MLAADP]2.0.CO;2 , https://doi.org/10.1139/cjfr-2017-0223",43.904,-71.614,Broadleaved,2.047,0.15,0.8,1.01,2880,3910,2960,2880,58.9536,5.865,23.68,29.088,NA,1270,NA,88.4986,29.8656,58.633,NA,NA,NA,2.9,NA,10.4,ECM/AM,50,5.579166889,1189,527,1.56045115,45.33111572,Woody,6608.858398,0,1.376986742,3.583437443,2.180173874,-0.006725547,205.9850006,33.78409958,886.2937012,103.5595016,886.2937012,103.5595016,1.37676201,69.35904634,58.633,5.579166889,1270,527,10.4,2.9,7085.541949,4,Temp,2.737271959,9750,1406.936981,26066.66667,3700,110.1712343,50,23.23645973,33.8427887,57.07924843
Scrapping,"https://doi.org/10.1007/s10021-008-9126-3 , https://doi.org/10.1890/0012-9658(1997)078[1844:MLAADP]2.0.CO;2 , https://doi.org/10.1007/BF00000884",43.904,-71.614,Coniferous,1.013,0.2,0.8,0.89,2110,2220,860,2110,21.3743,4.44,6.88,18.779,4.3,1459,755,32.6943,2.5953,30.099,85,2278,NA,2.9,NA,19.9,ECM,0,5.579166889,1189,527,1.56045115,45.33111572,Woody,6608.858398,0,1.376986742,3.583437443,2.180173874,-0.006725547,205.9850006,33.78409958,886.2937012,103.5595016,886.2937012,103.5595016,1.37676201,29.42133741,30.099,4.3,1459,755,19.9,2.9,6273.7,4,Temp,3.752078488,5190,2082.922014,11100,1075,158.7432672,0,23.23645973,33.8427887,57.07924843
Scrapping,https://onlinelibrary.wiley.com/doi/full/10.1111/gcb.15988,44.28,-121.97,Grassland,1.36833333,NA,1.372,NA,2541.5,NA,2211.99543,NA,34.77619158,NA,30.3485773,NA,6.77,1618,1318,65.12476888,NA,NA,NA,NA,NA,NA,NA,NA,NM/AM,50,6.412499905,1618,1298,1.955478549,53.33554077,Non-woody,10382.16602,0,0.889714718,3.538183451,2.079639673,0.144873127,162.5829926,29.70269966,656.0509644,90.41806793,656.0509644,90.41806793,0.88978291,52.63099378,52.63099378,6.77,1618,1318,1.955478549,5.333554077,10953.86,5,Temp,1.145891988,4753.49543,1857.369067,NA,1612.241567,72.99059193,50,4.882116795,7.781908989,12.66402578
Scrapping,https://onlinelibrary.wiley.com/doi/full/10.1111/gcb.15989,41.2,-101.63,Grassland,0.81075,NA,0.63433333,NA,1726.625,NA,1272.33351,NA,13.99861219,NA,8.070835523,NA,9.64,456,965,22.06944771,NA,NA,NA,NA,NA,NA,NA,NA,NM/AM,50,9.754166603,456,1018,1.064069629,70.82577515,Non-woody,4446,0.32500273,0.346715212,2.376691103,1.285702586,-0.176462844,72.66339874,9.166500092,163.1335297,141.7344818,163.1335297,141.7344818,0.346824694,21.81740262,21.81740262,9.64,456,965,1.064069629,7.082577515,4395.84,8,Temp,1.734468773,2998.95851,2129.663891,NA,2005.780636,135.8873384,50,20.98345184,12.11655331,33.10000515
Scrapping,https://onlinelibrary.wiley.com/doi/full/10.1111/gcb.15990,39.07,-96.58,Grassland,0.42633333,NA,0.5095,NA,11076.667,NA,2651.74758,NA,47.22352327,NA,13.51065392,NA,11.6,971,440,60.73417719,NA,NA,NA,NA,NA,NA,NA,NA,AM,100,12.26249981,889,421,1.243634939,65.34367371,Non-woody,10897.6582,1,0.575305104,2.171398163,0.954271972,-0.536001563,182.7440033,31.01420021,288.0270386,133.1840668,288.0270386,133.1840668,0.575409185,49.4887597,49.4887597,11.6,971,440,1.243634939,6.534367371,11263.6,8,Temp,3.495280358,13728.41458,25981.23633,NA,5204.607615,226.0410071,100,22.03673172,18.9352932,40.97202492
Scrapping,https://onlinelibrary.wiley.com/doi/full/10.1111/gcb.15991,44.21,-122.13,Grassland,1.05966667,NA,1.26366667,NA,1898.3333,NA,958.912352,NA,20.11600527,NA,12.11745579,NA,6.9,1877,1500,32.23346105,NA,NA,NA,NA,NA,NA,NA,NA,NM/AM,50,6.095833302,1935,1481,2.707925558,51.50353241,Non-woody,11819.62598,0,0.906499326,3.896032572,2.720484734,0.085356399,162.5829926,29.70269966,684.6439209,88.26000977,684.6439209,88.26000977,0.906400187,29.09152677,29.09152677,6.9,1877,1500,2.707925558,5.150353241,12951.3,5,Temp,1.660084891,2857.245652,1791.443813,NA,758.8333021,88.64222327,50,4.882116795,7.781908989,12.66402578
Scrapping,https://onlinelibrary.wiley.com/doi/full/10.1111/gcb.15992,34.36,-106.69,Grassland,0.78425,NA,0.86566667,NA,1843.0635,NA,889.054323,NA,14.4542255,NA,7.696246952,NA,13.1,252,1600,22.15047245,NA,NA,NA,NA,NA,NA,NA,NA,AM,100,13.0583334,252,1593,1.222569823,80.06509399,Non-woody,3288.600098,0,0.174896345,2.315589905,0.959955454,-0.046337456,35.20619965,4.981140137,80.54608917,144.7485504,80.54608917,144.7485504,0.174883945,21.87538996,21.87538996,13.1,252,1600,1.222569823,8.006509399,3301.2,13,Temp,1.878087539,2732.117823,2350.096908,NA,1027.016927,123.3435462,100,8.096355438,6.308807373,14.40516281
Scrapping,https://onlinelibrary.wiley.com/doi/full/10.1111/gcb.15993,40.82,-104.77,Grassland,1.202,NA,1.109,NA,571.03333,NA,1642.30284,NA,6.863820627,NA,18.2131385,NA,8.95,369,1650,25.07695912,NA,NA,NA,NA,NA,NA,NA,NA,AM,100,9.024999619,369,1654,0.879452169,68,Non-woody,3327.149902,0,0.288361877,2.350492716,1.003180861,-0.223486915,102.9509964,12.35709953,129.5529633,148.3772888,129.5529633,148.3772888,0.288340762,23.96980155,23.96980155,8.95,369,1650,0.879452169,6.8,3302.55,8,Temp,0.376860947,2213.33617,475.0693261,NA,1480.88624,88.26174493,100,17.7940731,11.43257809,29.22665119
Scrapping,https://onlinelibrary.wiley.com/doi/full/10.1111/gcb.15994,31.04,-97.35,Grassland,0.884,NA,1.085,NA,7238.3333,NA,1979.18547,NA,63.98686637,NA,21.47416235,NA,19.4,877,184,85.46102872,NA,NA,NA,NA,NA,NA,NA,NA,AM,100,19.40833282,874,182,1.070554972,75.4213028,Non-woody,16962.88281,1,0.49765265,2.128221273,1.251639605,-0.72711134,125.9020004,22.67399979,194.2486877,165.4402161,194.2486877,165.4402161,0.482048173,67.18513434,67.18513434,19.4,877,184,1.070554972,7.54213028,17013.8,8,Temp,2.979714195,9217.51877,8188.159842,NA,1824.134074,107.8563985,100,16.05476952,11.81507969,27.86984921
Scrapping,https://onlinelibrary.wiley.com/doi/full/10.1111/gcb.15995,40.08,-88.83,Grassland,0.92333333,NA,0.91033333,NA,2971.6667,NA,1554.77351,NA,27.4383891,NA,14.15362147,NA,11.1,992,200,41.59201057,NA,NA,NA,NA,NA,NA,NA,NA,AM,100,10.92500019,990,215,0.933959544,61.0924263,Non-woody,10824,1,0.609993279,2.289907455,0.987110257,NA,117.6780014,17.12030029,287.5566101,141.4168396,287.5566101,141.4168396,0.609980205,35.78920109,35.78920109,11.1,992,200,0.933959544,6.10924263,11011.2,8,Temp,1.938612613,4526.44021,3218.4116,NA,1707.916714,108.82956,100,31.64801216,35.87707901,67.52509117
Scrapping,https://doi.org/10.1890/0012-9658(1998)079[1526:TROTPB]2.0.CO;2 https://doi.org/10.1007/s00442-007-0753-8,68.633333,-149.566667,Broadleaved,1.88,NA,1.27,NA,1364,NA,1517,136.4,25.6432,NA,19.2659,NA,-10,318,760,44.9091,NA,NA,NA,NA,NA,NA,NA,NA,ERM/AM,50,-9.620833397,239,768,2.494788885,56.24905777,Woody,-2298.383301,0,1.14375639,3.951204062,2.783698559,0.307367653,40.20610046,8.60890007,1289.935059,59.37119675,1289.935059,59.37119675,1.148774822,38.16315708,38.16315708,-10,318,760,2.494788885,5.624905777,-3180,11,Bor,1.331014902,2881,725.5319149,NA,1194.488189,64.15180888,50,1.070446134,1.980149269,3.050595403
Scrapping,"10.1023/A:1022869829862 , https://doi.org/10.1139/b95-126 , https://doi.org/10.1139/x94-027",45.833333,-74.016667,Broadleaved,1.879,0.52,0.84,0.66,3610,3870,4070,3610,67.8319,20.124,34.188,23.826,3.6,1100,NA,122.1439,44.0059,78.138,NA,NA,NA,NA,NA,NA,AM,100,4.845833302,1060,173,1.412281036,53.95061111,Woody,5132.166504,0,1.014878035,3.197773457,1.389246583,NA,115.8300018,22.45669937,578.8436279,117.1989899,578.8436279,117.1989899,1.017598327,93.43812624,78.138,3.6,1100,173,1.412281036,5.395061111,3960,4,Temp,2.572712648,11550,1921.234699,7442.307692,4845.238095,94.56059615,100,18.50329971,25.93967628,44.442976
Scrapping,https://doi.org/10.1016/j.foreco.2010.06.006,3.65,113.7,Broadleaved,2.83,0.24,0.57,NA,2270,5515,1048,2270,64.241,13.236,5.9736,NA,27,2800,NA,83.4506,NA,NA,NA,NA,NA,NA,NA,NA,AM,100,26.9375,3263,47,2.392522573,47,Woody,87883.46094,1,0.52724576,3.661821127,1.159405589,NA,104.4990005,17.79290009,340.1779175,103.3272018,340.1779175,103.3272018,0.527244485,65.74632197,65.74632197,27,2800,47,2.392522573,4.7,75600,1,Trop,12.9699009,8833,802.1201413,22979.16667,1838.596491,105.847052,100,2.802921295,4.15154314,6.954464436
Scrapping,"https://doi.org/10.1890/09-0635.1 , https://doi.org/10.1007/s11104-006-9168-2 , 10.1016/s0378-1127(98)00417-4 ",10.433333,-83.983333,Broadleaved,2.4137,0.355,1.67,1.523,4632,2478,3252,4632,111.802584,8.7969,54.3084,70.54536,25.8,3960,66.5,174.907884,41.257224,267.30132,NA,NA,NA,NA,NA,NA,AM,100,26.04999924,3724,46,0.760720193,49.46952438,Woody,97010.19531,0.421867281,0.778269649,3.110178947,0.929342926,NA,193.6000061,31.47629929,497.6453247,104.3380356,497.6453247,104.3380356,0.778850034,131.1999588,267.30132,25.8,3960,66.5,0.760720193,4.946952438,102168,1,Trop,2.220641448,10362,1919.045449,6980.28169,1947.305389,59.24261253,100,4.562544346,4.23290062,8.795444965
Scrapping,"https://doi.org/10.1007/s11104-008-9655-8 , 10.3170/2007-8-18333 , https://doi.org/10.1134/S1067413620010105",-42.65,-65.383333,Broadleaved,1.77,0.52,0.84,0.78,498,153.89,1898,498,8.8146,0.800228,15.9432,3.8844,13.7,235.9,115,25.558028,4.9302,20.627828,NA,NA,NA,NA,NA,NA,AM,100,13.63749981,186,115,0.842597544,79,Woody,2534.25,0,0.147989333,2.407825232,0.889029503,0.003881475,52.72600174,6.764279842,91.49585724,107.8225327,91.49585724,107.8225327,0.147979726,24.31409023,20.627828,13.7,235.9,115,0.842597544,7.9,3231.83,8,Temp,0.60306764,2549.89,281.3559322,295.9423077,2259.52381,99.76865195,100,1.312851548,0.806886613,2.119738162
Jakub,"Novak et al., 2012",50.3,16.4,Coniferous,1.1,0.29,0.68,NA,2013.1,4204.6,448.5,2013.1,22.1441,12.19334,3.0498,NA,5.1,1460,1100,37.38724,NA,NA,13,NA,NA,NA,NA,NA,ECM,0,4.133333206,756,1023,0.827108562,49.5014267,Woody,3137.400146,0,0.917750478,3.063572407,1.150203347,0.179294854,105.8929977,13.77690029,610.7958984,100.17099,610.7958984,100.17099,0.917760447,32.77995443,32.77995443,5.1,1460,1100,0.827108562,4.95014267,7446,4,Temp,11.25891534,6666.2,1830.090909,14498.62069,659.5588235,178.301474,0,19.73835373,23.72837257,43.4667263
Jakub,Unpublished,49.2,15.7,Broadleaved,2.29,0.55,0.47,NA,300.4,1017,498.4,300.4,6.87916,5.5935,2.34248,NA,8,419,660,14.81514,NA,NA,3,NA,NA,NA,NA,NA,ECM,0,6.650000095,626,673,0.658349514,51.98046112,Woody,4162.899902,0,1.043247581,2.880965471,1.076515198,NA,132.1679993,20.4428997,566.1942749,122.8283997,566.1942749,122.8283997,1.04317105,16.6256803,16.6256803,8,419,660,0.658349514,5.198046112,3352,4,Temp,5.324553465,1815.8,131.1790393,1849.090909,1060.425532,122.5638097,0,19.01800728,28.26700783,47.28501511
Jakub,"Novak et al., 2017",50.1,15.9,Broadleaved,1.13,0.38,0.48,NA,1879.3,23035.9,3753.4,1879.3,21.23609,87.53642,18.01632,NA,10.5,509,250,126.78883,NA,NA,22,NA,NA,NA,NA,NA,ECM,0,8.558333397,485,226,0.741451621,69.98403931,Woody,4146.75,0,0.759107292,2.596150398,1.03058672,NA,114.2720032,14.41090012,400.0250549,126.6169052,400.0250549,126.6169052,0.759749017,96.76238373,96.76238373,10.5,509,250,0.741451621,6.998403931,5344.5,4,Temp,6.037443274,28668.6,1663.097345,60620.78947,7819.583333,226.1129786,0,19.73835373,23.72837257,43.4667263
Jakub,https://link.springer.com/article/10.1007/s11104-021-05065-x#Tab1 10.1007/s11104-017-3231-z,47.5028,-93.4828,Coniferous,1.336,0.664,1.469,NA,315,525,1950,315,4.2084,3.486,28.6455,NA,3.3,787,413,36.3399,NA,NA,90,NA,NA,3.7,NA,NA,ECM,0,3.612499952,693,423,1.083799839,54.67783737,Woody,2494.800049,0,0.718483508,3.009520292,1.107074976,0.106789999,134.5500031,25.14749908,379.2496948,126.3433914,379.2496948,126.3433914,0.71873539,32.03040001,32.03040001,3.3,787,413,1.083799839,3.7,2597.1,4,Temp,0.268607635,2790,235.7784431,790.6626506,1327.433628,76.77511496,0,12.50640869,13.50251675,26.00892544
BIOor-FACE,BIFoR-FACE,52.801,-2.301,Broadleaved,3.064,0.52,0.967,1.82,3328,3499,4020,3328,101.96992,18.1948,38.8734,60.5696,9,720,NA,159.03812,41.40032,117.6378,175,NA,NA,4.72,NA,14.3,ECM,0,8.991666794,727,100,1.311852932,61.58197403,Woody,6536.941895,0.219376817,0.786068439,2.988663912,1.372962475,NA,97.47070313,18.34469986,501.3201904,104.4297714,501.3201904,104.4297714,0.785291293,119.842375,117.6378,9,720,100,14.3,4.72,6480,4,Temp,3.091181116,10847,1086.16188,6728.846154,4157.187177,68.20377404,0,17.69189262,29.05122948,46.7431221